-- phpMyAdmin SQL Dump
-- version 4.9.1
-- https://www.phpmyadmin.net/
--
-- Host: 127.0.0.1
-- Generation Time: May 08, 2021 at 03:41 PM
-- Server version: 10.4.8-MariaDB
-- PHP Version: 7.3.10

SET SQL_MODE = "NO_AUTO_VALUE_ON_ZERO";
SET AUTOCOMMIT = 0;
START TRANSACTION;
SET time_zone = "+00:00";


/*!40101 SET @OLD_CHARACTER_SET_CLIENT=@@CHARACTER_SET_CLIENT */;
/*!40101 SET @OLD_CHARACTER_SET_RESULTS=@@CHARACTER_SET_RESULTS */;
/*!40101 SET @OLD_COLLATION_CONNECTION=@@COLLATION_CONNECTION */;
/*!40101 SET NAMES utf8mb4 */;

--
-- Database: `sayur`
--

-- --------------------------------------------------------

--
-- Table structure for table `alamat`
--

CREATE TABLE `alamat` (
  `id` int(11) NOT NULL,
  `kecamatan` varchar(40) NOT NULL,
  `kabupaten_kota` varchar(40) NOT NULL,
  `provinsi` varchar(40) NOT NULL,
  `ongkir` decimal(8,2) NOT NULL
) ENGINE=InnoDB DEFAULT CHARSET=utf8mb4;

--
-- Dumping data for table `alamat`
--

INSERT INTO `alamat` (`id`, `kecamatan`, `kabupaten_kota`, `provinsi`, `ongkir`) VALUES
(1, 'Ampenan', 'Kota Mataram', 'Nusa Tenggara Barat', '7500.00'),
(2, 'Cakranegara', 'Kota Mataram', 'Nusa Tenggara Barat', '5000.00'),
(3, 'Mataram', 'Kota Mataram', 'Nusa Tenggara Barat', '5500.00'),
(4, 'Sandubaya', 'Kota Mataram', 'Nusa Tenggara Barat', '6000.00'),
(5, 'Sekarbela', 'Kota Mataram', 'Nusa Tenggara Barat', '6500.00'),
(6, 'Selaparang', 'Kota Mataram', 'Nusa Tenggara Barat', '7000.00'),
(7, 'Gerung', 'Kab. Lombok Barat', 'Nusa Tenggara Barat', '5000.00'),
(8, 'Kediri', 'Kab. Lombok Barat', 'Nusa Tenggara Barat', '5500.00'),
(9, 'Narmada', 'Kab. Lombok Barat', 'Nusa Tenggara Barat', '6000.00'),
(10, 'Sekotong', 'Kab. Lombok Barat', 'Nusa Tenggara Barat', '6500.00'),
(11, 'Labu Api', 'Kab. Lombok Barat', 'Nusa Tenggara Barat', '7500.00'),
(12, 'Gunung Sari', 'Kab. Lombok Barat', 'Nusa Tenggara Barat', '7000.00'),
(13, 'Lingsar', 'Kab. Lombok Barat', 'Nusa Tenggara Barat', '8000.00'),
(14, 'Lembar', 'Kab. Lombok Barat', 'Nusa Tenggara Barat', '8500.00'),
(15, 'Batu Layar', 'Kab. Lombok Barat', 'Nusa Tenggara Barat', '9000.00'),
(16, 'Kuripan', 'Kab. Lombok Barat', 'Nusa Tenggara Barat', '10000.00');

-- --------------------------------------------------------

--
-- Table structure for table `ci_sessions`
--

CREATE TABLE `ci_sessions` (
  `id` varchar(128) NOT NULL,
  `ip_address` varchar(45) NOT NULL,
  `timestamp` int(10) UNSIGNED NOT NULL DEFAULT 0,
  `data` blob NOT NULL
) ENGINE=InnoDB DEFAULT CHARSET=utf8mb4;

--
-- Dumping data for table `ci_sessions`
--

INSERT INTO `ci_sessions` (`id`, `ip_address`, `timestamp`, `data`) VALUES
('mja0ua3etq8u744id1u60i2ljcb04pos', '::1', 1620444536, 0x5f5f63695f6c6173745f726567656e65726174657c693a313632303434343533363b7265646972656374696f6e7c4e3b5f5f4143544956455f53455353494f4e5f444154417c733a3235363a22356563333465376639323765303430343262666139336534316263663237666634643561623439396339326666636262313835303532333935363763373666613930633134383435656138613936313164636331636436306233316464356333323935326433653165653061313836306632356333613730646636383066663331374c4b4851367633574c5058595538305259455277657a494e69443467446f6361754d7338504c45307861466673504239763031744d75504766742f70544e41796565776b72526b30412b375864376467366931726354713837427634514e7845494951625667494d73324b55504b6c5a31392f52716a6367676d7a657338223b),
('mjbpv8hi921rtqrtfrel6sv9igdq2ajk', '::1', 1620444864, 0x5f5f63695f6c6173745f726567656e65726174657c693a313632303434343836343b7265646972656374696f6e7c4e3b5f5f4143544956455f53455353494f4e5f444154417c733a3235363a22356563333465376639323765303430343262666139336534316263663237666634643561623439396339326666636262313835303532333935363763373666613930633134383435656138613936313164636331636436306233316464356333323935326433653165653061313836306632356333613730646636383066663331374c4b4851367633574c5058595538305259455277657a494e69443467446f6361754d7338504c45307861466673504239763031744d75504766742f70544e41796565776b72526b30412b375864376467366931726354713837427634514e7845494951625667494d73324b55504b6c5a31392f52716a6367676d7a657338223b5f74656d705f636f75706f6e7c4e3b5f74656d705f7175616e746974797c4e3b6f726465725f666c6173687c733a32363a2253746174757320626572686173696c2064697065726261727569223b5f5f63695f766172737c613a313a7b733a31313a226f726465725f666c617368223b733a333a226f6c64223b7d),
('upe6j7buj1c2be1kp7ueem1u04sp86em', '::1', 1620445910, 0x5f5f63695f6c6173745f726567656e65726174657c693a313632303434353931303b7265646972656374696f6e7c4e3b5f5f4143544956455f53455353494f4e5f444154417c733a3235363a22653038336630393766343332303630613732396361326563626166653737643130616433613539656332643235656438656331653236666535353130656237643964633639323135303735356334343162366337303339323437666561666136353765383735623865623433353366356530656465636461656466333031353443364c70513875506275352b563635682f51596737784c6c7671663574367637686c58667831704d2f665349505a672b4b35434e5a7238362b4b386c647757564d516550625133636c503238624c55376e6d5767483561516c31522b697261584b73337037674a664a39643755584c66673969445a6a57656365595451332f74223b636172745f636f6e74656e74737c613a343a7b733a31303a22636172745f746f74616c223b643a34393030303b733a31313a22746f74616c5f6974656d73223b643a323b733a33323a226337346439376230316561653235376534346161396435626164653937626166223b613a373a7b733a323a226964223b733a323a223136223b733a333a22717479223b643a313b733a353a227072696365223b643a393030303b733a31323a22706963747572655f6e616d65223b733a34353a2237663761393634662d303539302d346361352d396636662d3566303738353866373462395f3433312e6a706567223b733a343a226e616d65223b733a31353a224a616d627520426174752031204b67223b733a353a22726f776964223b733a33323a226337346439376230316561653235376534346161396435626164653937626166223b733a383a22737562746f74616c223b643a393030303b7d733a33323a223435633438636365326532643766626465613161666335316337633661643236223b613a373a7b733a323a226964223b733a313a2239223b733a333a22717479223b643a313b733a353a227072696365223b643a34303030303b733a31323a22706963747572655f6e616d65223b733a31343a2270726f647563742d31302e6a7067223b733a343a226e616d65223b733a343a224170656c223b733a353a22726f776964223b733a33323a223435633438636365326532643766626465613161666335316337633661643236223b733a383a22737562746f74616c223b643a34303030303b7d7d6f726465725f7175616e746974797c613a323a7b693a31363b613a323a7b733a333a22717479223b643a313b733a353a227072696365223b643a393030303b7d693a393b613a323a7b733a333a22717479223b643a313b733a353a227072696365223b643a34303030303b7d7d746f74616c5f70726963657c643a34393030303b),
('nf9v8d1cd66rg0e7unsas5rok1gj3s3u', '::1', 1620446296, 0x5f5f63695f6c6173745f726567656e65726174657c693a313632303434363239363b7265646972656374696f6e7c4e3b5f5f4143544956455f53455353494f4e5f444154417c733a3235363a22653038336630393766343332303630613732396361326563626166653737643130616433613539656332643235656438656331653236666535353130656237643964633639323135303735356334343162366337303339323437666561666136353765383735623865623433353366356530656465636461656466333031353443364c70513875506275352b563635682f51596737784c6c7671663574367637686c58667831704d2f665349505a672b4b35434e5a7238362b4b386c647757564d516550625133636c503238624c55376e6d5767483561516c31522b697261584b73337037674a664a39643755584c66673969445a6a57656365595451332f74223b636172745f636f6e74656e74737c613a343a7b733a31303a22636172745f746f74616c223b643a34393030303b733a31313a22746f74616c5f6974656d73223b643a323b733a33323a226337346439376230316561653235376534346161396435626164653937626166223b613a373a7b733a323a226964223b733a323a223136223b733a333a22717479223b643a313b733a353a227072696365223b643a393030303b733a31323a22706963747572655f6e616d65223b733a34353a2237663761393634662d303539302d346361352d396636662d3566303738353866373462395f3433312e6a706567223b733a343a226e616d65223b733a31353a224a616d627520426174752031204b67223b733a353a22726f776964223b733a33323a226337346439376230316561653235376534346161396435626164653937626166223b733a383a22737562746f74616c223b643a393030303b7d733a33323a223435633438636365326532643766626465613161666335316337633661643236223b613a373a7b733a323a226964223b733a313a2239223b733a333a22717479223b643a313b733a353a227072696365223b643a34303030303b733a31323a22706963747572655f6e616d65223b733a31343a2270726f647563742d31302e6a7067223b733a343a226e616d65223b733a343a224170656c223b733a353a22726f776964223b733a33323a223435633438636365326532643766626465613161666335316337633661643236223b733a383a22737562746f74616c223b643a34303030303b7d7d6f726465725f7175616e746974797c613a323a7b693a31363b613a323a7b733a333a22717479223b643a313b733a353a227072696365223b643a393030303b7d693a393b613a323a7b733a333a22717479223b643a313b733a353a227072696365223b643a34303030303b7d7d746f74616c5f70726963657c643a34393030303b),
('8jodiu64jmge9tebcj4n24i6eof7h408', '::1', 1620446877, 0x5f5f63695f6c6173745f726567656e65726174657c693a313632303434363837373b7265646972656374696f6e7c4e3b5f5f4143544956455f53455353494f4e5f444154417c733a3235363a22653038336630393766343332303630613732396361326563626166653737643130616433613539656332643235656438656331653236666535353130656237643964633639323135303735356334343162366337303339323437666561666136353765383735623865623433353366356530656465636461656466333031353443364c70513875506275352b563635682f51596737784c6c7671663574367637686c58667831704d2f665349505a672b4b35434e5a7238362b4b386c647757564d516550625133636c503238624c55376e6d5767483561516c31522b697261584b73337037674a664a39643755584c66673969445a6a57656365595451332f74223b636172745f636f6e74656e74737c613a343a7b733a31303a22636172745f746f74616c223b643a34393030303b733a31313a22746f74616c5f6974656d73223b643a323b733a33323a226337346439376230316561653235376534346161396435626164653937626166223b613a373a7b733a323a226964223b733a323a223136223b733a333a22717479223b643a313b733a353a227072696365223b643a393030303b733a31323a22706963747572655f6e616d65223b733a34353a2237663761393634662d303539302d346361352d396636662d3566303738353866373462395f3433312e6a706567223b733a343a226e616d65223b733a31353a224a616d627520426174752031204b67223b733a353a22726f776964223b733a33323a226337346439376230316561653235376534346161396435626164653937626166223b733a383a22737562746f74616c223b643a393030303b7d733a33323a223435633438636365326532643766626465613161666335316337633661643236223b613a373a7b733a323a226964223b733a313a2239223b733a333a22717479223b643a313b733a353a227072696365223b643a34303030303b733a31323a22706963747572655f6e616d65223b733a31343a2270726f647563742d31302e6a7067223b733a343a226e616d65223b733a343a224170656c223b733a353a22726f776964223b733a33323a223435633438636365326532643766626465613161666335316337633661643236223b733a383a22737562746f74616c223b643a34303030303b7d7d6f726465725f7175616e746974797c613a323a7b693a31363b613a323a7b733a333a22717479223b643a313b733a353a227072696365223b643a393030303b7d693a393b613a323a7b733a333a22717479223b643a313b733a353a227072696365223b643a34303030303b7d7d746f74616c5f70726963657c643a34393030303b),
('mroc2unuvv7vb42mgtbjrsln4kiaa9t2', '::1', 1620447208, 0x5f5f63695f6c6173745f726567656e65726174657c693a313632303434373230383b7265646972656374696f6e7c4e3b5f5f4143544956455f53455353494f4e5f444154417c733a3235363a22653038336630393766343332303630613732396361326563626166653737643130616433613539656332643235656438656331653236666535353130656237643964633639323135303735356334343162366337303339323437666561666136353765383735623865623433353366356530656465636461656466333031353443364c70513875506275352b563635682f51596737784c6c7671663574367637686c58667831704d2f665349505a672b4b35434e5a7238362b4b386c647757564d516550625133636c503238624c55376e6d5767483561516c31522b697261584b73337037674a664a39643755584c66673969445a6a57656365595451332f74223b636172745f636f6e74656e74737c613a343a7b733a31303a22636172745f746f74616c223b643a34393030303b733a31313a22746f74616c5f6974656d73223b643a323b733a33323a226337346439376230316561653235376534346161396435626164653937626166223b613a373a7b733a323a226964223b733a323a223136223b733a333a22717479223b643a313b733a353a227072696365223b643a393030303b733a31323a22706963747572655f6e616d65223b733a34353a2237663761393634662d303539302d346361352d396636662d3566303738353866373462395f3433312e6a706567223b733a343a226e616d65223b733a31353a224a616d627520426174752031204b67223b733a353a22726f776964223b733a33323a226337346439376230316561653235376534346161396435626164653937626166223b733a383a22737562746f74616c223b643a393030303b7d733a33323a223435633438636365326532643766626465613161666335316337633661643236223b613a373a7b733a323a226964223b733a313a2239223b733a333a22717479223b643a313b733a353a227072696365223b643a34303030303b733a31323a22706963747572655f6e616d65223b733a31343a2270726f647563742d31302e6a7067223b733a343a226e616d65223b733a343a224170656c223b733a353a22726f776964223b733a33323a223435633438636365326532643766626465613161666335316337633661643236223b733a383a22737562746f74616c223b643a34303030303b7d7d6f726465725f7175616e746974797c613a323a7b693a31363b613a323a7b733a333a22717479223b643a313b733a353a227072696365223b643a393030303b7d693a393b613a323a7b733a333a22717479223b643a313b733a353a227072696365223b643a34303030303b7d7d746f74616c5f70726963657c643a34343030303b636f75706f6e5f69647c733a313a2231223b),
('8rrs2krfha36akohbqnaeue8rhu38247', '::1', 1620447562, 0x5f5f63695f6c6173745f726567656e65726174657c693a313632303434373536323b7265646972656374696f6e7c4e3b5f5f4143544956455f53455353494f4e5f444154417c733a3235363a22653038336630393766343332303630613732396361326563626166653737643130616433613539656332643235656438656331653236666535353130656237643964633639323135303735356334343162366337303339323437666561666136353765383735623865623433353366356530656465636461656466333031353443364c70513875506275352b563635682f51596737784c6c7671663574367637686c58667831704d2f665349505a672b4b35434e5a7238362b4b386c647757564d516550625133636c503238624c55376e6d5767483561516c31522b697261584b73337037674a664a39643755584c66673969445a6a57656365595451332f74223b636172745f636f6e74656e74737c613a343a7b733a31303a22636172745f746f74616c223b643a34393030303b733a31313a22746f74616c5f6974656d73223b643a323b733a33323a226337346439376230316561653235376534346161396435626164653937626166223b613a373a7b733a323a226964223b733a323a223136223b733a333a22717479223b643a313b733a353a227072696365223b643a393030303b733a31323a22706963747572655f6e616d65223b733a34353a2237663761393634662d303539302d346361352d396636662d3566303738353866373462395f3433312e6a706567223b733a343a226e616d65223b733a31353a224a616d627520426174752031204b67223b733a353a22726f776964223b733a33323a226337346439376230316561653235376534346161396435626164653937626166223b733a383a22737562746f74616c223b643a393030303b7d733a33323a223435633438636365326532643766626465613161666335316337633661643236223b613a373a7b733a323a226964223b733a313a2239223b733a333a22717479223b643a313b733a353a227072696365223b643a34303030303b733a31323a22706963747572655f6e616d65223b733a31343a2270726f647563742d31302e6a7067223b733a343a226e616d65223b733a343a224170656c223b733a353a22726f776964223b733a33323a223435633438636365326532643766626465613161666335316337633661643236223b733a383a22737562746f74616c223b643a34303030303b7d7d6f726465725f7175616e746974797c613a323a7b693a31363b613a323a7b733a333a22717479223b643a313b733a353a227072696365223b643a393030303b7d693a393b613a323a7b733a333a22717479223b643a313b733a353a227072696365223b643a34303030303b7d7d746f74616c5f70726963657c643a34343030303b636f75706f6e5f69647c733a313a2231223b),
('oplp2n4dkrgd8tifb8qh9kksk5pu26ov', '::1', 1620447871, 0x5f5f63695f6c6173745f726567656e65726174657c693a313632303434373837313b7265646972656374696f6e7c4e3b5f5f4143544956455f53455353494f4e5f444154417c733a3235363a22653038336630393766343332303630613732396361326563626166653737643130616433613539656332643235656438656331653236666535353130656237643964633639323135303735356334343162366337303339323437666561666136353765383735623865623433353366356530656465636461656466333031353443364c70513875506275352b563635682f51596737784c6c7671663574367637686c58667831704d2f665349505a672b4b35434e5a7238362b4b386c647757564d516550625133636c503238624c55376e6d5767483561516c31522b697261584b73337037674a664a39643755584c66673969445a6a57656365595451332f74223b636172745f636f6e74656e74737c613a343a7b733a31303a22636172745f746f74616c223b643a34393030303b733a31313a22746f74616c5f6974656d73223b643a323b733a33323a226337346439376230316561653235376534346161396435626164653937626166223b613a373a7b733a323a226964223b733a323a223136223b733a333a22717479223b643a313b733a353a227072696365223b643a393030303b733a31323a22706963747572655f6e616d65223b733a34353a2237663761393634662d303539302d346361352d396636662d3566303738353866373462395f3433312e6a706567223b733a343a226e616d65223b733a31353a224a616d627520426174752031204b67223b733a353a22726f776964223b733a33323a226337346439376230316561653235376534346161396435626164653937626166223b733a383a22737562746f74616c223b643a393030303b7d733a33323a223435633438636365326532643766626465613161666335316337633661643236223b613a373a7b733a323a226964223b733a313a2239223b733a333a22717479223b643a313b733a353a227072696365223b643a34303030303b733a31323a22706963747572655f6e616d65223b733a31343a2270726f647563742d31302e6a7067223b733a343a226e616d65223b733a343a224170656c223b733a353a22726f776964223b733a33323a223435633438636365326532643766626465613161666335316337633661643236223b733a383a22737562746f74616c223b643a34303030303b7d7d6f726465725f7175616e746974797c613a323a7b693a31363b613a323a7b733a333a22717479223b643a313b733a353a227072696365223b643a393030303b7d693a393b613a323a7b733a333a22717479223b643a313b733a353a227072696365223b643a34303030303b7d7d746f74616c5f70726963657c643a34343030303b636f75706f6e5f69647c733a313a2231223b),
('ifv24klsn7uoto9ntn7t3iakrpd5tkrf', '::1', 1620448245, 0x5f5f63695f6c6173745f726567656e65726174657c693a313632303434383234353b7265646972656374696f6e7c4e3b5f5f4143544956455f53455353494f4e5f444154417c733a3235363a22653038336630393766343332303630613732396361326563626166653737643130616433613539656332643235656438656331653236666535353130656237643964633639323135303735356334343162366337303339323437666561666136353765383735623865623433353366356530656465636461656466333031353443364c70513875506275352b563635682f51596737784c6c7671663574367637686c58667831704d2f665349505a672b4b35434e5a7238362b4b386c647757564d516550625133636c503238624c55376e6d5767483561516c31522b697261584b73337037674a664a39643755584c66673969445a6a57656365595451332f74223b636172745f636f6e74656e74737c613a343a7b733a31303a22636172745f746f74616c223b643a34393030303b733a31313a22746f74616c5f6974656d73223b643a323b733a33323a226337346439376230316561653235376534346161396435626164653937626166223b613a373a7b733a323a226964223b733a323a223136223b733a333a22717479223b643a313b733a353a227072696365223b643a393030303b733a31323a22706963747572655f6e616d65223b733a34353a2237663761393634662d303539302d346361352d396636662d3566303738353866373462395f3433312e6a706567223b733a343a226e616d65223b733a31353a224a616d627520426174752031204b67223b733a353a22726f776964223b733a33323a226337346439376230316561653235376534346161396435626164653937626166223b733a383a22737562746f74616c223b643a393030303b7d733a33323a223435633438636365326532643766626465613161666335316337633661643236223b613a373a7b733a323a226964223b733a313a2239223b733a333a22717479223b643a313b733a353a227072696365223b643a34303030303b733a31323a22706963747572655f6e616d65223b733a31343a2270726f647563742d31302e6a7067223b733a343a226e616d65223b733a343a224170656c223b733a353a22726f776964223b733a33323a223435633438636365326532643766626465613161666335316337633661643236223b733a383a22737562746f74616c223b643a34303030303b7d7d6f726465725f7175616e746974797c613a323a7b693a31363b613a323a7b733a333a22717479223b643a313b733a353a227072696365223b643a393030303b7d693a393b613a323a7b733a333a22717479223b643a313b733a353a227072696365223b643a34303030303b7d7d746f74616c5f70726963657c643a34343030303b636f75706f6e5f69647c733a313a2231223b),
('e1d7riel2p2dpeling1avl84ble077cu', '::1', 1620448307, 0x5f5f63695f6c6173745f726567656e65726174657c693a313632303434383234353b7265646972656374696f6e7c4e3b5f5f4143544956455f53455353494f4e5f444154417c733a3235363a22653038336630393766343332303630613732396361326563626166653737643130616433613539656332643235656438656331653236666535353130656237643964633639323135303735356334343162366337303339323437666561666136353765383735623865623433353366356530656465636461656466333031353443364c70513875506275352b563635682f51596737784c6c7671663574367637686c58667831704d2f665349505a672b4b35434e5a7238362b4b386c647757564d516550625133636c503238624c55376e6d5767483561516c31522b697261584b73337037674a664a39643755584c66673969445a6a57656365595451332f74223b636172745f636f6e74656e74737c613a343a7b733a31303a22636172745f746f74616c223b643a34393030303b733a31313a22746f74616c5f6974656d73223b643a323b733a33323a226337346439376230316561653235376534346161396435626164653937626166223b613a373a7b733a323a226964223b733a323a223136223b733a333a22717479223b643a313b733a353a227072696365223b643a393030303b733a31323a22706963747572655f6e616d65223b733a34353a2237663761393634662d303539302d346361352d396636662d3566303738353866373462395f3433312e6a706567223b733a343a226e616d65223b733a31353a224a616d627520426174752031204b67223b733a353a22726f776964223b733a33323a226337346439376230316561653235376534346161396435626164653937626166223b733a383a22737562746f74616c223b643a393030303b7d733a33323a223435633438636365326532643766626465613161666335316337633661643236223b613a373a7b733a323a226964223b733a313a2239223b733a333a22717479223b643a313b733a353a227072696365223b643a34303030303b733a31323a22706963747572655f6e616d65223b733a31343a2270726f647563742d31302e6a7067223b733a343a226e616d65223b733a343a224170656c223b733a353a22726f776964223b733a33323a223435633438636365326532643766626465613161666335316337633661643236223b733a383a22737562746f74616c223b643a34303030303b7d7d6f726465725f7175616e746974797c613a323a7b693a31363b613a323a7b733a333a22717479223b643a313b733a353a227072696365223b643a393030303b7d693a393b613a323a7b733a333a22717479223b643a313b733a353a227072696365223b643a34303030303b7d7d746f74616c5f70726963657c643a34343030303b636f75706f6e5f69647c733a313a2231223b),
('6ug5e2vgpfk5dbv9ctv82p2d8jusbpvl', '::1', 1620463034, 0x5f5f63695f6c6173745f726567656e65726174657c693a313632303436333033343b636172745f636f6e74656e74737c613a343a7b733a31303a22636172745f746f74616c223b643a34393030303b733a31313a22746f74616c5f6974656d73223b643a323b733a33323a223435633438636365326532643766626465613161666335316337633661643236223b613a373a7b733a323a226964223b733a313a2239223b733a333a22717479223b643a313b733a353a227072696365223b643a34303030303b733a31323a22706963747572655f6e616d65223b733a31343a2270726f647563742d31302e6a7067223b733a343a226e616d65223b733a343a224170656c223b733a353a22726f776964223b733a33323a223435633438636365326532643766626465613161666335316337633661643236223b733a383a22737562746f74616c223b643a34303030303b7d733a33323a226337346439376230316561653235376534346161396435626164653937626166223b613a373a7b733a323a226964223b733a323a223136223b733a333a22717479223b643a313b733a353a227072696365223b643a393030303b733a31323a22706963747572655f6e616d65223b733a34353a2237663761393634662d303539302d346361352d396636662d3566303738353866373462395f3433312e6a706567223b733a343a226e616d65223b733a31353a224a616d627520426174752031204b67223b733a353a22726f776964223b733a33323a226337346439376230316561653235376534346161396435626164653937626166223b733a383a22737562746f74616c223b643a393030303b7d7d6f726465725f7175616e746974797c613a323a7b693a393b613a323a7b733a333a22717479223b643a313b733a353a227072696365223b643a34303030303b7d693a31363b613a323a7b733a333a22717479223b643a313b733a353a227072696365223b643a393030303b7d7d746f74616c5f70726963657c643a34393030303b),
('u6phqi4ik6ur7h6bg011okvc9ng96tcv', '::1', 1620463346, 0x5f5f63695f6c6173745f726567656e65726174657c693a313632303436333334363b636172745f636f6e74656e74737c613a343a7b733a31303a22636172745f746f74616c223b643a34393030303b733a31313a22746f74616c5f6974656d73223b643a323b733a33323a223435633438636365326532643766626465613161666335316337633661643236223b613a373a7b733a323a226964223b733a313a2239223b733a333a22717479223b643a313b733a353a227072696365223b643a34303030303b733a31323a22706963747572655f6e616d65223b733a31343a2270726f647563742d31302e6a7067223b733a343a226e616d65223b733a343a224170656c223b733a353a22726f776964223b733a33323a223435633438636365326532643766626465613161666335316337633661643236223b733a383a22737562746f74616c223b643a34303030303b7d733a33323a226337346439376230316561653235376534346161396435626164653937626166223b613a373a7b733a323a226964223b733a323a223136223b733a333a22717479223b643a313b733a353a227072696365223b643a393030303b733a31323a22706963747572655f6e616d65223b733a34353a2237663761393634662d303539302d346361352d396636662d3566303738353866373462395f3433312e6a706567223b733a343a226e616d65223b733a31353a224a616d627520426174752031204b67223b733a353a22726f776964223b733a33323a226337346439376230316561653235376534346161396435626164653937626166223b733a383a22737562746f74616c223b643a393030303b7d7d6f726465725f7175616e746974797c613a323a7b693a393b613a323a7b733a333a22717479223b643a313b733a353a227072696365223b643a34303030303b7d693a31363b613a323a7b733a333a22717479223b643a313b733a353a227072696365223b643a393030303b7d7d746f74616c5f70726963657c643a34393030303b),
('67lvu16ejvpvcockkms04ohmkbo4gug4', '::1', 1620464130, 0x5f5f63695f6c6173745f726567656e65726174657c693a313632303436343133303b636172745f636f6e74656e74737c613a343a7b733a31303a22636172745f746f74616c223b643a34393030303b733a31313a22746f74616c5f6974656d73223b643a323b733a33323a223435633438636365326532643766626465613161666335316337633661643236223b613a373a7b733a323a226964223b733a313a2239223b733a333a22717479223b643a313b733a353a227072696365223b643a34303030303b733a31323a22706963747572655f6e616d65223b733a31343a2270726f647563742d31302e6a7067223b733a343a226e616d65223b733a343a224170656c223b733a353a22726f776964223b733a33323a223435633438636365326532643766626465613161666335316337633661643236223b733a383a22737562746f74616c223b643a34303030303b7d733a33323a226337346439376230316561653235376534346161396435626164653937626166223b613a373a7b733a323a226964223b733a323a223136223b733a333a22717479223b643a313b733a353a227072696365223b643a393030303b733a31323a22706963747572655f6e616d65223b733a34353a2237663761393634662d303539302d346361352d396636662d3566303738353866373462395f3433312e6a706567223b733a343a226e616d65223b733a31353a224a616d627520426174752031204b67223b733a353a22726f776964223b733a33323a226337346439376230316561653235376534346161396435626164653937626166223b733a383a22737562746f74616c223b643a393030303b7d7d6f726465725f7175616e746974797c613a323a7b693a393b613a323a7b733a333a22717479223b643a313b733a353a227072696365223b643a34303030303b7d693a31363b613a323a7b733a333a22717479223b643a313b733a353a227072696365223b643a393030303b7d7d746f74616c5f70726963657c643a34393030303b),
('k7qss19um9l8ner71gjf1n8i1fmmp73b', '::1', 1620464439, 0x5f5f63695f6c6173745f726567656e65726174657c693a313632303436343433393b636172745f636f6e74656e74737c613a343a7b733a31303a22636172745f746f74616c223b643a34393030303b733a31313a22746f74616c5f6974656d73223b643a323b733a33323a223435633438636365326532643766626465613161666335316337633661643236223b613a373a7b733a323a226964223b733a313a2239223b733a333a22717479223b643a313b733a353a227072696365223b643a34303030303b733a31323a22706963747572655f6e616d65223b733a31343a2270726f647563742d31302e6a7067223b733a343a226e616d65223b733a343a224170656c223b733a353a22726f776964223b733a33323a223435633438636365326532643766626465613161666335316337633661643236223b733a383a22737562746f74616c223b643a34303030303b7d733a33323a226337346439376230316561653235376534346161396435626164653937626166223b613a373a7b733a323a226964223b733a323a223136223b733a333a22717479223b643a313b733a353a227072696365223b643a393030303b733a31323a22706963747572655f6e616d65223b733a34353a2237663761393634662d303539302d346361352d396636662d3566303738353866373462395f3433312e6a706567223b733a343a226e616d65223b733a31353a224a616d627520426174752031204b67223b733a353a22726f776964223b733a33323a226337346439376230316561653235376534346161396435626164653937626166223b733a383a22737562746f74616c223b643a393030303b7d7d6f726465725f7175616e746974797c613a323a7b693a393b613a323a7b733a333a22717479223b643a313b733a353a227072696365223b643a34303030303b7d693a31363b613a323a7b733a333a22717479223b643a313b733a353a227072696365223b643a393030303b7d7d746f74616c5f70726963657c643a34393030303b),
('0ko363m9cpp6kma05fsl8lreb65i7bfj', '::1', 1620464755, 0x5f5f63695f6c6173745f726567656e65726174657c693a313632303436343735353b636172745f636f6e74656e74737c613a343a7b733a31303a22636172745f746f74616c223b643a34393030303b733a31313a22746f74616c5f6974656d73223b643a323b733a33323a223435633438636365326532643766626465613161666335316337633661643236223b613a373a7b733a323a226964223b733a313a2239223b733a333a22717479223b643a313b733a353a227072696365223b643a34303030303b733a31323a22706963747572655f6e616d65223b733a31343a2270726f647563742d31302e6a7067223b733a343a226e616d65223b733a343a224170656c223b733a353a22726f776964223b733a33323a223435633438636365326532643766626465613161666335316337633661643236223b733a383a22737562746f74616c223b643a34303030303b7d733a33323a226337346439376230316561653235376534346161396435626164653937626166223b613a373a7b733a323a226964223b733a323a223136223b733a333a22717479223b643a313b733a353a227072696365223b643a393030303b733a31323a22706963747572655f6e616d65223b733a34353a2237663761393634662d303539302d346361352d396636662d3566303738353866373462395f3433312e6a706567223b733a343a226e616d65223b733a31353a224a616d627520426174752031204b67223b733a353a22726f776964223b733a33323a226337346439376230316561653235376534346161396435626164653937626166223b733a383a22737562746f74616c223b643a393030303b7d7d6f726465725f7175616e746974797c613a323a7b693a393b613a323a7b733a333a22717479223b643a313b733a353a227072696365223b643a34303030303b7d693a31363b613a323a7b733a333a22717479223b643a313b733a353a227072696365223b643a393030303b7d7d746f74616c5f70726963657c643a34393030303b),
('gnp64vijdr4kjq7djbune2a86vi9kh8e', '::1', 1620465071, 0x5f5f63695f6c6173745f726567656e65726174657c693a313632303436353037313b636172745f636f6e74656e74737c613a343a7b733a31303a22636172745f746f74616c223b643a34393030303b733a31313a22746f74616c5f6974656d73223b643a323b733a33323a223435633438636365326532643766626465613161666335316337633661643236223b613a373a7b733a323a226964223b733a313a2239223b733a333a22717479223b643a313b733a353a227072696365223b643a34303030303b733a31323a22706963747572655f6e616d65223b733a31343a2270726f647563742d31302e6a7067223b733a343a226e616d65223b733a343a224170656c223b733a353a22726f776964223b733a33323a223435633438636365326532643766626465613161666335316337633661643236223b733a383a22737562746f74616c223b643a34303030303b7d733a33323a226337346439376230316561653235376534346161396435626164653937626166223b613a373a7b733a323a226964223b733a323a223136223b733a333a22717479223b643a313b733a353a227072696365223b643a393030303b733a31323a22706963747572655f6e616d65223b733a34353a2237663761393634662d303539302d346361352d396636662d3566303738353866373462395f3433312e6a706567223b733a343a226e616d65223b733a31353a224a616d627520426174752031204b67223b733a353a22726f776964223b733a33323a226337346439376230316561653235376534346161396435626164653937626166223b733a383a22737562746f74616c223b643a393030303b7d7d6f726465725f7175616e746974797c613a323a7b693a393b613a323a7b733a333a22717479223b643a313b733a353a227072696365223b643a34303030303b7d693a31363b613a323a7b733a333a22717479223b643a313b733a353a227072696365223b643a393030303b7d7d746f74616c5f70726963657c643a34393030303b),
('ppv2rer90h27ukf8kcb6ehp4jono7t0c', '::1', 1620465410, 0x5f5f63695f6c6173745f726567656e65726174657c693a313632303436353431303b636172745f636f6e74656e74737c613a343a7b733a31303a22636172745f746f74616c223b643a34393030303b733a31313a22746f74616c5f6974656d73223b643a323b733a33323a223435633438636365326532643766626465613161666335316337633661643236223b613a373a7b733a323a226964223b733a313a2239223b733a333a22717479223b643a313b733a353a227072696365223b643a34303030303b733a31323a22706963747572655f6e616d65223b733a31343a2270726f647563742d31302e6a7067223b733a343a226e616d65223b733a343a224170656c223b733a353a22726f776964223b733a33323a223435633438636365326532643766626465613161666335316337633661643236223b733a383a22737562746f74616c223b643a34303030303b7d733a33323a226337346439376230316561653235376534346161396435626164653937626166223b613a373a7b733a323a226964223b733a323a223136223b733a333a22717479223b643a313b733a353a227072696365223b643a393030303b733a31323a22706963747572655f6e616d65223b733a34353a2237663761393634662d303539302d346361352d396636662d3566303738353866373462395f3433312e6a706567223b733a343a226e616d65223b733a31353a224a616d627520426174752031204b67223b733a353a22726f776964223b733a33323a226337346439376230316561653235376534346161396435626164653937626166223b733a383a22737562746f74616c223b643a393030303b7d7d6f726465725f7175616e746974797c613a323a7b693a393b613a323a7b733a333a22717479223b643a313b733a353a227072696365223b643a34303030303b7d693a31363b613a323a7b733a333a22717479223b643a313b733a353a227072696365223b643a393030303b7d7d746f74616c5f70726963657c643a34393030303b),
('vo4rk60sjvman3eakklhlm3oc7dopd8s', '::1', 1620465887, 0x5f5f63695f6c6173745f726567656e65726174657c693a313632303436353838373b636172745f636f6e74656e74737c613a343a7b733a31303a22636172745f746f74616c223b643a34393030303b733a31313a22746f74616c5f6974656d73223b643a323b733a33323a223435633438636365326532643766626465613161666335316337633661643236223b613a373a7b733a323a226964223b733a313a2239223b733a333a22717479223b643a313b733a353a227072696365223b643a34303030303b733a31323a22706963747572655f6e616d65223b733a31343a2270726f647563742d31302e6a7067223b733a343a226e616d65223b733a343a224170656c223b733a353a22726f776964223b733a33323a223435633438636365326532643766626465613161666335316337633661643236223b733a383a22737562746f74616c223b643a34303030303b7d733a33323a226337346439376230316561653235376534346161396435626164653937626166223b613a373a7b733a323a226964223b733a323a223136223b733a333a22717479223b643a313b733a353a227072696365223b643a393030303b733a31323a22706963747572655f6e616d65223b733a34353a2237663761393634662d303539302d346361352d396636662d3566303738353866373462395f3433312e6a706567223b733a343a226e616d65223b733a31353a224a616d627520426174752031204b67223b733a353a22726f776964223b733a33323a226337346439376230316561653235376534346161396435626164653937626166223b733a383a22737562746f74616c223b643a393030303b7d7d6f726465725f7175616e746974797c613a323a7b693a393b613a323a7b733a333a22717479223b643a313b733a353a227072696365223b643a34303030303b7d693a31363b613a323a7b733a333a22717479223b643a313b733a353a227072696365223b643a393030303b7d7d746f74616c5f70726963657c643a34393030303b),
('m7ljbva38ufcdpfeqd2u4sfs2ksmah8l', '::1', 1620466206, 0x5f5f63695f6c6173745f726567656e65726174657c693a313632303436363230363b636172745f636f6e74656e74737c613a343a7b733a31303a22636172745f746f74616c223b643a34393030303b733a31313a22746f74616c5f6974656d73223b643a323b733a33323a223435633438636365326532643766626465613161666335316337633661643236223b613a373a7b733a323a226964223b733a313a2239223b733a333a22717479223b643a313b733a353a227072696365223b643a34303030303b733a31323a22706963747572655f6e616d65223b733a31343a2270726f647563742d31302e6a7067223b733a343a226e616d65223b733a343a224170656c223b733a353a22726f776964223b733a33323a223435633438636365326532643766626465613161666335316337633661643236223b733a383a22737562746f74616c223b643a34303030303b7d733a33323a226337346439376230316561653235376534346161396435626164653937626166223b613a373a7b733a323a226964223b733a323a223136223b733a333a22717479223b643a313b733a353a227072696365223b643a393030303b733a31323a22706963747572655f6e616d65223b733a34353a2237663761393634662d303539302d346361352d396636662d3566303738353866373462395f3433312e6a706567223b733a343a226e616d65223b733a31353a224a616d627520426174752031204b67223b733a353a22726f776964223b733a33323a226337346439376230316561653235376534346161396435626164653937626166223b733a383a22737562746f74616c223b643a393030303b7d7d6f726465725f7175616e746974797c613a323a7b693a393b613a323a7b733a333a22717479223b643a313b733a353a227072696365223b643a34303030303b7d693a31363b613a323a7b733a333a22717479223b643a313b733a353a227072696365223b643a393030303b7d7d746f74616c5f70726963657c643a34393030303b),
('0dmesvdr8desvju59edr1s19icrs40b6', '::1', 1620466512, 0x5f5f63695f6c6173745f726567656e65726174657c693a313632303436363531323b636172745f636f6e74656e74737c613a343a7b733a31303a22636172745f746f74616c223b643a34393030303b733a31313a22746f74616c5f6974656d73223b643a323b733a33323a223435633438636365326532643766626465613161666335316337633661643236223b613a373a7b733a323a226964223b733a313a2239223b733a333a22717479223b643a313b733a353a227072696365223b643a34303030303b733a31323a22706963747572655f6e616d65223b733a31343a2270726f647563742d31302e6a7067223b733a343a226e616d65223b733a343a224170656c223b733a353a22726f776964223b733a33323a223435633438636365326532643766626465613161666335316337633661643236223b733a383a22737562746f74616c223b643a34303030303b7d733a33323a226337346439376230316561653235376534346161396435626164653937626166223b613a373a7b733a323a226964223b733a323a223136223b733a333a22717479223b643a313b733a353a227072696365223b643a393030303b733a31323a22706963747572655f6e616d65223b733a34353a2237663761393634662d303539302d346361352d396636662d3566303738353866373462395f3433312e6a706567223b733a343a226e616d65223b733a31353a224a616d627520426174752031204b67223b733a353a22726f776964223b733a33323a226337346439376230316561653235376534346161396435626164653937626166223b733a383a22737562746f74616c223b643a393030303b7d7d6f726465725f7175616e746974797c613a323a7b693a393b613a323a7b733a333a22717479223b643a313b733a353a227072696365223b643a34303030303b7d693a31363b613a323a7b733a333a22717479223b643a313b733a353a227072696365223b643a393030303b7d7d746f74616c5f70726963657c643a34393030303b),
('ga98cms1od1lb8vn7scoeq0ppm4v5gj5', '::1', 1620466842, 0x5f5f63695f6c6173745f726567656e65726174657c693a313632303436363834323b636172745f636f6e74656e74737c613a343a7b733a31303a22636172745f746f74616c223b643a34393030303b733a31313a22746f74616c5f6974656d73223b643a323b733a33323a223435633438636365326532643766626465613161666335316337633661643236223b613a373a7b733a323a226964223b733a313a2239223b733a333a22717479223b643a313b733a353a227072696365223b643a34303030303b733a31323a22706963747572655f6e616d65223b733a31343a2270726f647563742d31302e6a7067223b733a343a226e616d65223b733a343a224170656c223b733a353a22726f776964223b733a33323a223435633438636365326532643766626465613161666335316337633661643236223b733a383a22737562746f74616c223b643a34303030303b7d733a33323a226337346439376230316561653235376534346161396435626164653937626166223b613a373a7b733a323a226964223b733a323a223136223b733a333a22717479223b643a313b733a353a227072696365223b643a393030303b733a31323a22706963747572655f6e616d65223b733a34353a2237663761393634662d303539302d346361352d396636662d3566303738353866373462395f3433312e6a706567223b733a343a226e616d65223b733a31353a224a616d627520426174752031204b67223b733a353a22726f776964223b733a33323a226337346439376230316561653235376534346161396435626164653937626166223b733a383a22737562746f74616c223b643a393030303b7d7d6f726465725f7175616e746974797c613a323a7b693a393b613a323a7b733a333a22717479223b643a313b733a353a227072696365223b643a34303030303b7d693a31363b613a323a7b733a333a22717479223b643a313b733a353a227072696365223b643a393030303b7d7d746f74616c5f70726963657c643a34393030303b),
('n5ounvvd8t1g304vuogsbj24e9i8bjp2', '::1', 1620467167, 0x5f5f63695f6c6173745f726567656e65726174657c693a313632303436373136373b636172745f636f6e74656e74737c613a343a7b733a31303a22636172745f746f74616c223b643a34393030303b733a31313a22746f74616c5f6974656d73223b643a323b733a33323a223435633438636365326532643766626465613161666335316337633661643236223b613a373a7b733a323a226964223b733a313a2239223b733a333a22717479223b643a313b733a353a227072696365223b643a34303030303b733a31323a22706963747572655f6e616d65223b733a31343a2270726f647563742d31302e6a7067223b733a343a226e616d65223b733a343a224170656c223b733a353a22726f776964223b733a33323a223435633438636365326532643766626465613161666335316337633661643236223b733a383a22737562746f74616c223b643a34303030303b7d733a33323a226337346439376230316561653235376534346161396435626164653937626166223b613a373a7b733a323a226964223b733a323a223136223b733a333a22717479223b643a313b733a353a227072696365223b643a393030303b733a31323a22706963747572655f6e616d65223b733a34353a2237663761393634662d303539302d346361352d396636662d3566303738353866373462395f3433312e6a706567223b733a343a226e616d65223b733a31353a224a616d627520426174752031204b67223b733a353a22726f776964223b733a33323a226337346439376230316561653235376534346161396435626164653937626166223b733a383a22737562746f74616c223b643a393030303b7d7d6f726465725f7175616e746974797c613a323a7b693a393b613a323a7b733a333a22717479223b643a313b733a353a227072696365223b643a34303030303b7d693a31363b613a323a7b733a333a22717479223b643a313b733a353a227072696365223b643a393030303b7d7d746f74616c5f70726963657c643a34393030303b),
('lcqe9p82mnvrnrb2rs29d6rlohld1gvc', '::1', 1620467528, 0x5f5f63695f6c6173745f726567656e65726174657c693a313632303436373532383b636172745f636f6e74656e74737c613a343a7b733a31303a22636172745f746f74616c223b643a34393030303b733a31313a22746f74616c5f6974656d73223b643a323b733a33323a223435633438636365326532643766626465613161666335316337633661643236223b613a373a7b733a323a226964223b733a313a2239223b733a333a22717479223b643a313b733a353a227072696365223b643a34303030303b733a31323a22706963747572655f6e616d65223b733a31343a2270726f647563742d31302e6a7067223b733a343a226e616d65223b733a343a224170656c223b733a353a22726f776964223b733a33323a223435633438636365326532643766626465613161666335316337633661643236223b733a383a22737562746f74616c223b643a34303030303b7d733a33323a226337346439376230316561653235376534346161396435626164653937626166223b613a373a7b733a323a226964223b733a323a223136223b733a333a22717479223b643a313b733a353a227072696365223b643a393030303b733a31323a22706963747572655f6e616d65223b733a34353a2237663761393634662d303539302d346361352d396636662d3566303738353866373462395f3433312e6a706567223b733a343a226e616d65223b733a31353a224a616d627520426174752031204b67223b733a353a22726f776964223b733a33323a226337346439376230316561653235376534346161396435626164653937626166223b733a383a22737562746f74616c223b643a393030303b7d7d6f726465725f7175616e746974797c613a323a7b693a393b613a323a7b733a333a22717479223b643a313b733a353a227072696365223b643a34303030303b7d693a31363b613a323a7b733a333a22717479223b643a313b733a353a227072696365223b643a393030303b7d7d746f74616c5f70726963657c643a34393030303b),
('5gnosc3smsss06ip8c45eqsdhpso2i36', '::1', 1620467832, 0x5f5f63695f6c6173745f726567656e65726174657c693a313632303436373833323b636172745f636f6e74656e74737c613a343a7b733a31303a22636172745f746f74616c223b643a34393030303b733a31313a22746f74616c5f6974656d73223b643a323b733a33323a223435633438636365326532643766626465613161666335316337633661643236223b613a373a7b733a323a226964223b733a313a2239223b733a333a22717479223b643a313b733a353a227072696365223b643a34303030303b733a31323a22706963747572655f6e616d65223b733a31343a2270726f647563742d31302e6a7067223b733a343a226e616d65223b733a343a224170656c223b733a353a22726f776964223b733a33323a223435633438636365326532643766626465613161666335316337633661643236223b733a383a22737562746f74616c223b643a34303030303b7d733a33323a226337346439376230316561653235376534346161396435626164653937626166223b613a373a7b733a323a226964223b733a323a223136223b733a333a22717479223b643a313b733a353a227072696365223b643a393030303b733a31323a22706963747572655f6e616d65223b733a34353a2237663761393634662d303539302d346361352d396636662d3566303738353866373462395f3433312e6a706567223b733a343a226e616d65223b733a31353a224a616d627520426174752031204b67223b733a353a22726f776964223b733a33323a226337346439376230316561653235376534346161396435626164653937626166223b733a383a22737562746f74616c223b643a393030303b7d7d6f726465725f7175616e746974797c613a323a7b693a393b613a323a7b733a333a22717479223b643a313b733a353a227072696365223b643a34303030303b7d693a31363b613a323a7b733a333a22717479223b643a313b733a353a227072696365223b643a393030303b7d7d746f74616c5f70726963657c643a34393030303b),
('rsgtjirelcncdh8m5b7cckjd00n9i2rk', '::1', 1620467887, 0x5f5f63695f6c6173745f726567656e65726174657c693a313632303436373833323b636172745f636f6e74656e74737c613a343a7b733a31303a22636172745f746f74616c223b643a34393030303b733a31313a22746f74616c5f6974656d73223b643a323b733a33323a223435633438636365326532643766626465613161666335316337633661643236223b613a373a7b733a323a226964223b733a313a2239223b733a333a22717479223b643a313b733a353a227072696365223b643a34303030303b733a31323a22706963747572655f6e616d65223b733a31343a2270726f647563742d31302e6a7067223b733a343a226e616d65223b733a343a224170656c223b733a353a22726f776964223b733a33323a223435633438636365326532643766626465613161666335316337633661643236223b733a383a22737562746f74616c223b643a34303030303b7d733a33323a226337346439376230316561653235376534346161396435626164653937626166223b613a373a7b733a323a226964223b733a323a223136223b733a333a22717479223b643a313b733a353a227072696365223b643a393030303b733a31323a22706963747572655f6e616d65223b733a34353a2237663761393634662d303539302d346361352d396636662d3566303738353866373462395f3433312e6a706567223b733a343a226e616d65223b733a31353a224a616d627520426174752031204b67223b733a353a22726f776964223b733a33323a226337346439376230316561653235376534346161396435626164653937626166223b733a383a22737562746f74616c223b643a393030303b7d7d6f726465725f7175616e746974797c613a323a7b693a393b613a323a7b733a333a22717479223b643a313b733a353a227072696365223b643a34303030303b7d693a31363b613a323a7b733a333a22717479223b643a313b733a353a227072696365223b643a393030303b7d7d746f74616c5f70726963657c643a34393030303b),
('iftq6qutktn3taroqeguf4go04u2qinr', '::1', 1620479137, 0x5f5f63695f6c6173745f726567656e65726174657c693a313632303437393133373b636172745f636f6e74656e74737c613a343a7b733a31303a22636172745f746f74616c223b643a37363030303b733a31313a22746f74616c5f6974656d73223b643a353b733a33323a223435633438636365326532643766626465613161666335316337633661643236223b613a373a7b733a323a226964223b733a313a2239223b733a333a22717479223b643a313b733a353a227072696365223b643a34303030303b733a31323a22706963747572655f6e616d65223b733a31343a2270726f647563742d31302e6a7067223b733a343a226e616d65223b733a343a224170656c223b733a353a22726f776964223b733a33323a223435633438636365326532643766626465613161666335316337633661643236223b733a383a22737562746f74616c223b643a34303030303b7d733a33323a226337346439376230316561653235376534346161396435626164653937626166223b613a373a7b733a323a226964223b733a323a223136223b733a333a22717479223b643a343b733a353a227072696365223b643a393030303b733a31323a22706963747572655f6e616d65223b733a34353a2237663761393634662d303539302d346361352d396636662d3566303738353866373462395f3433312e6a706567223b733a343a226e616d65223b733a31353a224a616d627520426174752031204b67223b733a353a22726f776964223b733a33323a226337346439376230316561653235376534346161396435626164653937626166223b733a383a22737562746f74616c223b643a33363030303b7d7d6f726465725f7175616e746974797c613a323a7b693a393b613a323a7b733a333a22717479223b643a313b733a353a227072696365223b643a34303030303b7d693a31363b613a323a7b733a333a22717479223b643a343b733a353a227072696365223b643a393030303b7d7d746f74616c5f70726963657c643a37363030303b),
('ejgce0nbku8gnrp3rvmnht0em962icq5', '::1', 1620479448, 0x5f5f63695f6c6173745f726567656e65726174657c693a313632303437393434383b636172745f636f6e74656e74737c613a343a7b733a31303a22636172745f746f74616c223b643a37363030303b733a31313a22746f74616c5f6974656d73223b643a353b733a33323a223435633438636365326532643766626465613161666335316337633661643236223b613a373a7b733a323a226964223b733a313a2239223b733a333a22717479223b643a313b733a353a227072696365223b643a34303030303b733a31323a22706963747572655f6e616d65223b733a31343a2270726f647563742d31302e6a7067223b733a343a226e616d65223b733a343a224170656c223b733a353a22726f776964223b733a33323a223435633438636365326532643766626465613161666335316337633661643236223b733a383a22737562746f74616c223b643a34303030303b7d733a33323a226337346439376230316561653235376534346161396435626164653937626166223b613a373a7b733a323a226964223b733a323a223136223b733a333a22717479223b643a343b733a353a227072696365223b643a393030303b733a31323a22706963747572655f6e616d65223b733a34353a2237663761393634662d303539302d346361352d396636662d3566303738353866373462395f3433312e6a706567223b733a343a226e616d65223b733a31353a224a616d627520426174752031204b67223b733a353a22726f776964223b733a33323a226337346439376230316561653235376534346161396435626164653937626166223b733a383a22737562746f74616c223b643a33363030303b7d7d6f726465725f7175616e746974797c613a323a7b693a393b613a323a7b733a333a22717479223b643a313b733a353a227072696365223b643a34303030303b7d693a31363b613a323a7b733a333a22717479223b643a343b733a353a227072696365223b643a393030303b7d7d746f74616c5f70726963657c643a37363030303b),
('a45n1apao3kkkjmo4iev2sj4tk72kar6', '::1', 1620479769, 0x5f5f63695f6c6173745f726567656e65726174657c693a313632303437393736393b636172745f636f6e74656e74737c613a343a7b733a31303a22636172745f746f74616c223b643a37363030303b733a31313a22746f74616c5f6974656d73223b643a353b733a33323a223435633438636365326532643766626465613161666335316337633661643236223b613a373a7b733a323a226964223b733a313a2239223b733a333a22717479223b643a313b733a353a227072696365223b643a34303030303b733a31323a22706963747572655f6e616d65223b733a31343a2270726f647563742d31302e6a7067223b733a343a226e616d65223b733a343a224170656c223b733a353a22726f776964223b733a33323a223435633438636365326532643766626465613161666335316337633661643236223b733a383a22737562746f74616c223b643a34303030303b7d733a33323a226337346439376230316561653235376534346161396435626164653937626166223b613a373a7b733a323a226964223b733a323a223136223b733a333a22717479223b643a343b733a353a227072696365223b643a393030303b733a31323a22706963747572655f6e616d65223b733a34353a2237663761393634662d303539302d346361352d396636662d3566303738353866373462395f3433312e6a706567223b733a343a226e616d65223b733a31353a224a616d627520426174752031204b67223b733a353a22726f776964223b733a33323a226337346439376230316561653235376534346161396435626164653937626166223b733a383a22737562746f74616c223b643a33363030303b7d7d6f726465725f7175616e746974797c613a323a7b693a393b613a323a7b733a333a22717479223b643a313b733a353a227072696365223b643a34303030303b7d693a31363b613a323a7b733a333a22717479223b643a343b733a353a227072696365223b643a393030303b7d7d746f74616c5f70726963657c643a37363030303b),
('4rhvetoo6moqhmsvmul7ihm9kmp1alqf', '::1', 1620480092, 0x5f5f63695f6c6173745f726567656e65726174657c693a313632303438303039323b636172745f636f6e74656e74737c613a343a7b733a31303a22636172745f746f74616c223b643a37363030303b733a31313a22746f74616c5f6974656d73223b643a353b733a33323a223435633438636365326532643766626465613161666335316337633661643236223b613a373a7b733a323a226964223b733a313a2239223b733a333a22717479223b643a313b733a353a227072696365223b643a34303030303b733a31323a22706963747572655f6e616d65223b733a31343a2270726f647563742d31302e6a7067223b733a343a226e616d65223b733a343a224170656c223b733a353a22726f776964223b733a33323a223435633438636365326532643766626465613161666335316337633661643236223b733a383a22737562746f74616c223b643a34303030303b7d733a33323a226337346439376230316561653235376534346161396435626164653937626166223b613a373a7b733a323a226964223b733a323a223136223b733a333a22717479223b643a343b733a353a227072696365223b643a393030303b733a31323a22706963747572655f6e616d65223b733a34353a2237663761393634662d303539302d346361352d396636662d3566303738353866373462395f3433312e6a706567223b733a343a226e616d65223b733a31353a224a616d627520426174752031204b67223b733a353a22726f776964223b733a33323a226337346439376230316561653235376534346161396435626164653937626166223b733a383a22737562746f74616c223b643a33363030303b7d7d6f726465725f7175616e746974797c613a323a7b693a393b613a323a7b733a333a22717479223b643a313b733a353a227072696365223b643a34303030303b7d693a31363b613a323a7b733a333a22717479223b643a343b733a353a227072696365223b643a393030303b7d7d746f74616c5f70726963657c643a37363030303b);
INSERT INTO `ci_sessions` (`id`, `ip_address`, `timestamp`, `data`) VALUES
('n261v4ifflcgmudtb8ui1l46a6blfnbc', '::1', 1620480407, 0x5f5f63695f6c6173745f726567656e65726174657c693a313632303438303430373b636172745f636f6e74656e74737c613a343a7b733a31303a22636172745f746f74616c223b643a37363030303b733a31313a22746f74616c5f6974656d73223b643a353b733a33323a223435633438636365326532643766626465613161666335316337633661643236223b613a373a7b733a323a226964223b733a313a2239223b733a333a22717479223b643a313b733a353a227072696365223b643a34303030303b733a31323a22706963747572655f6e616d65223b733a31343a2270726f647563742d31302e6a7067223b733a343a226e616d65223b733a343a224170656c223b733a353a22726f776964223b733a33323a223435633438636365326532643766626465613161666335316337633661643236223b733a383a22737562746f74616c223b643a34303030303b7d733a33323a226337346439376230316561653235376534346161396435626164653937626166223b613a373a7b733a323a226964223b733a323a223136223b733a333a22717479223b643a343b733a353a227072696365223b643a393030303b733a31323a22706963747572655f6e616d65223b733a34353a2237663761393634662d303539302d346361352d396636662d3566303738353866373462395f3433312e6a706567223b733a343a226e616d65223b733a31353a224a616d627520426174752031204b67223b733a353a22726f776964223b733a33323a226337346439376230316561653235376534346161396435626164653937626166223b733a383a22737562746f74616c223b643a33363030303b7d7d6f726465725f7175616e746974797c613a323a7b693a393b613a323a7b733a333a22717479223b643a313b733a353a227072696365223b643a34303030303b7d693a31363b613a323a7b733a333a22717479223b643a343b733a353a227072696365223b643a393030303b7d7d746f74616c5f70726963657c643a37363030303b),
('bb86em7b2m5jcjoa0hd7iiomrhetmlpj', '::1', 1620480718, 0x5f5f63695f6c6173745f726567656e65726174657c693a313632303438303731383b636172745f636f6e74656e74737c613a343a7b733a31303a22636172745f746f74616c223b643a37363030303b733a31313a22746f74616c5f6974656d73223b643a353b733a33323a223435633438636365326532643766626465613161666335316337633661643236223b613a373a7b733a323a226964223b733a313a2239223b733a333a22717479223b643a313b733a353a227072696365223b643a34303030303b733a31323a22706963747572655f6e616d65223b733a31343a2270726f647563742d31302e6a7067223b733a343a226e616d65223b733a343a224170656c223b733a353a22726f776964223b733a33323a223435633438636365326532643766626465613161666335316337633661643236223b733a383a22737562746f74616c223b643a34303030303b7d733a33323a226337346439376230316561653235376534346161396435626164653937626166223b613a373a7b733a323a226964223b733a323a223136223b733a333a22717479223b643a343b733a353a227072696365223b643a393030303b733a31323a22706963747572655f6e616d65223b733a34353a2237663761393634662d303539302d346361352d396636662d3566303738353866373462395f3433312e6a706567223b733a343a226e616d65223b733a31353a224a616d627520426174752031204b67223b733a353a22726f776964223b733a33323a226337346439376230316561653235376534346161396435626164653937626166223b733a383a22737562746f74616c223b643a33363030303b7d7d6f726465725f7175616e746974797c613a323a7b693a393b613a323a7b733a333a22717479223b643a313b733a353a227072696365223b643a34303030303b7d693a31363b613a323a7b733a333a22717479223b643a343b733a353a227072696365223b643a393030303b7d7d746f74616c5f70726963657c643a37363030303b),
('qn1piujm65vfmcjlqii44d15jsmggslk', '::1', 1620481038, 0x5f5f63695f6c6173745f726567656e65726174657c693a313632303438313033383b636172745f636f6e74656e74737c613a343a7b733a31303a22636172745f746f74616c223b643a37363030303b733a31313a22746f74616c5f6974656d73223b643a353b733a33323a223435633438636365326532643766626465613161666335316337633661643236223b613a373a7b733a323a226964223b733a313a2239223b733a333a22717479223b643a313b733a353a227072696365223b643a34303030303b733a31323a22706963747572655f6e616d65223b733a31343a2270726f647563742d31302e6a7067223b733a343a226e616d65223b733a343a224170656c223b733a353a22726f776964223b733a33323a223435633438636365326532643766626465613161666335316337633661643236223b733a383a22737562746f74616c223b643a34303030303b7d733a33323a226337346439376230316561653235376534346161396435626164653937626166223b613a373a7b733a323a226964223b733a323a223136223b733a333a22717479223b643a343b733a353a227072696365223b643a393030303b733a31323a22706963747572655f6e616d65223b733a34353a2237663761393634662d303539302d346361352d396636662d3566303738353866373462395f3433312e6a706567223b733a343a226e616d65223b733a31353a224a616d627520426174752031204b67223b733a353a22726f776964223b733a33323a226337346439376230316561653235376534346161396435626164653937626166223b733a383a22737562746f74616c223b643a33363030303b7d7d6f726465725f7175616e746974797c613a323a7b693a393b613a323a7b733a333a22717479223b643a313b733a353a227072696365223b643a34303030303b7d693a31363b613a323a7b733a333a22717479223b643a343b733a353a227072696365223b643a393030303b7d7d746f74616c5f70726963657c643a37363030303b),
('33kori57rfjldq4krqjskcdn1q5tqguc', '::1', 1620481220, 0x5f5f63695f6c6173745f726567656e65726174657c693a313632303438313033383b636172745f636f6e74656e74737c613a343a7b733a31303a22636172745f746f74616c223b643a37363030303b733a31313a22746f74616c5f6974656d73223b643a353b733a33323a223435633438636365326532643766626465613161666335316337633661643236223b613a373a7b733a323a226964223b733a313a2239223b733a333a22717479223b643a313b733a353a227072696365223b643a34303030303b733a31323a22706963747572655f6e616d65223b733a31343a2270726f647563742d31302e6a7067223b733a343a226e616d65223b733a343a224170656c223b733a353a22726f776964223b733a33323a223435633438636365326532643766626465613161666335316337633661643236223b733a383a22737562746f74616c223b643a34303030303b7d733a33323a226337346439376230316561653235376534346161396435626164653937626166223b613a373a7b733a323a226964223b733a323a223136223b733a333a22717479223b643a343b733a353a227072696365223b643a393030303b733a31323a22706963747572655f6e616d65223b733a34353a2237663761393634662d303539302d346361352d396636662d3566303738353866373462395f3433312e6a706567223b733a343a226e616d65223b733a31353a224a616d627520426174752031204b67223b733a353a22726f776964223b733a33323a226337346439376230316561653235376534346161396435626164653937626166223b733a383a22737562746f74616c223b643a33363030303b7d7d6f726465725f7175616e746974797c613a323a7b693a393b613a323a7b733a333a22717479223b643a313b733a353a227072696365223b643a34303030303b7d693a31363b613a323a7b733a333a22717479223b643a343b733a353a227072696365223b643a393030303b7d7d746f74616c5f70726963657c643a37363030303b);

-- --------------------------------------------------------

--
-- Table structure for table `contacts`
--

CREATE TABLE `contacts` (
  `id` int(10) NOT NULL,
  `parent_id` int(10) DEFAULT NULL,
  `name` varchar(32) NOT NULL,
  `subject` varchar(128) DEFAULT NULL,
  `email` varchar(64) NOT NULL,
  `message` mediumtext NOT NULL,
  `contact_date` datetime DEFAULT NULL,
  `status` tinyint(1) DEFAULT 1,
  `reply_at` datetime DEFAULT NULL
) ENGINE=InnoDB DEFAULT CHARSET=utf8mb4;

--
-- Dumping data for table `contacts`
--

INSERT INTO `contacts` (`id`, `parent_id`, `name`, `subject`, `email`, `message`, `contact_date`, `status`, `reply_at`) VALUES
(1, NULL, 'Agung Tri Saputra', 'Pengiriman kok lama?', 'martinms.za@gmail.com', 'pengiriman pesanan saya kok lama ya', '2020-03-29 07:40:13', 2, NULL);

-- --------------------------------------------------------

--
-- Table structure for table `coupons`
--

CREATE TABLE `coupons` (
  `id` bigint(20) NOT NULL,
  `name` varchar(191) NOT NULL,
  `code` varchar(32) NOT NULL,
  `credit` decimal(8,2) NOT NULL,
  `start_date` date NOT NULL,
  `expired_date` date NOT NULL,
  `is_active` tinyint(4) DEFAULT 1
) ENGINE=InnoDB DEFAULT CHARSET=utf8mb4;

--
-- Dumping data for table `coupons`
--

INSERT INTO `coupons` (`id`, `name`, `code`, `credit`, `start_date`, `expired_date`, `is_active`) VALUES
(1, '#DiRumahAja', 'DIRUMAHAJA19', '5000.00', '2020-03-27', '2021-12-03', 1),
(2, 'Buah Merah Meriah', 'BUAHMERAH', '5000.00', '2020-03-27', '2020-03-30', 0);

-- --------------------------------------------------------

--
-- Table structure for table `customers`
--

CREATE TABLE `customers` (
  `id` bigint(20) NOT NULL,
  `user_id` bigint(20) UNSIGNED DEFAULT NULL,
  `name` varchar(191) NOT NULL,
  `phone_number` varchar(32) DEFAULT NULL,
  `address` varchar(191) NOT NULL,
  `profile_picture` varchar(191) DEFAULT NULL,
  `diskon` decimal(8,2) DEFAULT NULL,
  `nilai_refral` decimal(8,2) DEFAULT NULL,
  `kode_refral` char(255) DEFAULT NULL,
  `jumlah_refral` int(11) DEFAULT NULL,
  `keuntungan` decimal(8,2) DEFAULT NULL
) ENGINE=InnoDB DEFAULT CHARSET=utf8mb4;

--
-- Dumping data for table `customers`
--

INSERT INTO `customers` (`id`, `user_id`, `name`, `phone_number`, `address`, `profile_picture`, `diskon`, `nilai_refral`, `kode_refral`, `jumlah_refral`, `keuntungan`) VALUES
(6, 7, 'Agung Tri Saputra', '081328907767', 'Kost Indah Jaya Belakang No. 19, Jl. Medan Baru VI, Kandang Limun, Bengkulu', 'agung.png', NULL, NULL, NULL, NULL, NULL),
(11, 12, 'FIQRI JAMAL', '083129227273', 'Gerung Utara', 'default.png', '10.00', '20.00', '#221343434', NULL, NULL);

-- --------------------------------------------------------

--
-- Table structure for table `gambar`
--

CREATE TABLE `gambar` (
  `id` int(11) NOT NULL,
  `foto` varchar(255) NOT NULL
) ENGINE=InnoDB DEFAULT CHARSET=utf8mb4;

--
-- Dumping data for table `gambar`
--

INSERT INTO `gambar` (`id`, `foto`) VALUES
(1, 'bg_11.jpg'),
(2, 'bg_21.jpg');

-- --------------------------------------------------------

--
-- Table structure for table `harga_grosir`
--

CREATE TABLE `harga_grosir` (
  `id` bigint(20) NOT NULL,
  `product_id` bigint(20) NOT NULL,
  `jumlah_minimal` int(11) DEFAULT NULL,
  `harga_satuan` decimal(8,2) NOT NULL,
  `harga_coret` decimal(8,2) NOT NULL
) ENGINE=InnoDB DEFAULT CHARSET=utf8mb4;

--
-- Dumping data for table `harga_grosir`
--

INSERT INTO `harga_grosir` (`id`, `product_id`, `jumlah_minimal`, `harga_satuan`, `harga_coret`) VALUES
(1, 16, 1, '9000.00', '0.00'),
(4, 16, 4, '8500.00', '0.00'),
(5, 1, 1, '70000.00', '0.00'),
(6, 1, 4, '65000.00', '0.00');

-- --------------------------------------------------------

--
-- Table structure for table `orders`
--

CREATE TABLE `orders` (
  `id` bigint(20) NOT NULL,
  `user_id` bigint(20) UNSIGNED DEFAULT NULL,
  `coupon_id` bigint(20) DEFAULT NULL,
  `order_number` varchar(16) NOT NULL,
  `order_status` enum('1','2','3','4','5') DEFAULT '1',
  `order_date` datetime NOT NULL,
  `total_price` decimal(8,2) DEFAULT NULL,
  `total_items` int(10) DEFAULT NULL,
  `payment_method` int(11) DEFAULT 1,
  `delivery_data` text DEFAULT NULL,
  `delivered_date` datetime DEFAULT NULL,
  `finish_date` datetime DEFAULT NULL
) ENGINE=InnoDB DEFAULT CHARSET=utf8mb4;

--
-- Dumping data for table `orders`
--

INSERT INTO `orders` (`id`, `user_id`, `coupon_id`, `order_number`, `order_status`, `order_date`, `total_price`, `total_items`, `payment_method`, `delivery_data`, `delivered_date`, `finish_date`) VALUES
(5, 7, NULL, 'TJL2932027019', '2', '2020-03-29 08:14:50', '271000.00', 2, 1, '{\"customer\":{\"name\":\"Agung Tri Saputra\",\"phone_number\":\"081328907767\",\"address\":\"Kost Indah Jaya Belakang No. 19, Jl. Medan Baru VI, Kandang Limun, Bengkulu\"},\"note\":\"\"}', NULL, NULL),
(6, 7, NULL, 'JQZ2932017914', '1', '2020-03-29 08:15:13', '350000.00', 1, 2, '{\"customer\":{\"name\":\"Agung Tri Saputra\",\"phone_number\":\"081328907767\",\"address\":\"Kost Indah Jaya Belakang No. 19, Jl. Medan Baru VI, Kandang Limun, Bengkulu\"},\"note\":\"\"}', NULL, NULL),
(7, 7, NULL, 'TIB3032037078', '2', '2020-03-30 08:49:42', '78000.00', 3, 1, '{\"customer\":{\"name\":\"Agung Tri Saputra\",\"phone_number\":\"081328907767\",\"address\":\"Kost Indah Jaya Belakang No. 19, Jl. Medan Baru VI, Kandang Limun, Bengkulu\"},\"note\":\"\"}', NULL, NULL),
(8, 7, NULL, 'GPS3032027749', '2', '2020-03-30 09:14:27', '165000.00', 2, 1, '{\"customer\":{\"name\":\"Agung Tri Saputra\",\"phone_number\":\"081328907767\",\"address\":\"Kost Indah Jaya Belakang No. 19, Jl. Medan Baru VI, Kandang Limun, Bengkulu\"},\"note\":\"\"}', NULL, NULL),
(9, 7, NULL, 'RDQ1442127642', '1', '2021-04-14 05:20:59', '73000.00', 3, 2, '{\"customer\":{\"name\":\"Agung Tri Saputra\",\"phone_number\":\"081328907767\",\"address\":\"Kost Indah Jaya Belakang No. 19, Jl. Medan Baru VI, Kandang Limun, Bengkulu\"},\"note\":\"\"}', NULL, NULL),
(13, NULL, NULL, 'GIC45214723', '1', '2021-05-04 04:05:33', '232000.00', 4, 2, '{\"customer\":{\"name\":\"FIQRI JAMAL\",\"phone_number\":\"083129227273\",\"address\":\"Gerung Utara\"},\"note\":\"nyoba bos\"}', NULL, NULL),
(14, NULL, NULL, 'OFT45214138', '1', '2021-05-04 05:16:44', '129000.00', 4, 1, '{\"customer\":{\"name\":\"FIQRI JAMAL\",\"phone_number\":\"083129227273\",\"address\":\"Gerung Utara\"},\"note\":\"satu dua tiga\"}', NULL, NULL),
(15, NULL, NULL, 'VMC45211912', '1', '2021-05-04 05:18:26', '40000.00', 1, 1, '{\"customer\":{\"name\":\"FIQRI JAMAL\",\"phone_number\":\"083129227273\",\"address\":\"Gerung Utara\"},\"note\":\"gggg\"}', NULL, NULL),
(16, NULL, NULL, 'CKF55214495', '1', '2021-05-05 02:54:32', '76000.00', 4, 2, '{\"customer\":{\"name\":\"FIQRI JAMAL\",\"phone_number\":\"083129227273\",\"address\":\"Gerung Utara\"},\"note\":\"bla bla\"}', NULL, NULL),
(17, 1, NULL, 'UOU752121083', '1', '2021-05-07 03:09:18', '49000.00', 2, 2, '{\"customer\":{\"name\":\"FIQRI JAMAL\",\"phone_number\":\"083129227273\",\"address\":\"Gerung Utara\"},\"note\":\"ssssss\"}', NULL, NULL),
(18, 1, NULL, 'MZJ852121365', '2', '2021-05-08 05:31:55', '49000.00', 2, 1, '{\"customer\":{\"name\":\"FIQRI JAMAL\",\"phone_number\":\"083129227273\",\"address\":\"Gerung Utara\"},\"note\":\"w\"}', NULL, NULL);

-- --------------------------------------------------------

--
-- Table structure for table `order_item`
--

CREATE TABLE `order_item` (
  `id` bigint(20) NOT NULL,
  `order_id` bigint(20) DEFAULT NULL,
  `product_id` bigint(20) DEFAULT NULL,
  `order_qty` int(10) NOT NULL,
  `order_price` decimal(8,2) DEFAULT NULL
) ENGINE=InnoDB DEFAULT CHARSET=utf8mb4;

--
-- Dumping data for table `order_item`
--

INSERT INTO `order_item` (`id`, `order_id`, `product_id`, `order_qty`, `order_price`) VALUES
(3, 4, 2, 1, '31000.00'),
(4, 4, 8, 13, '20000.00'),
(5, 5, 2, 3, '31000.00'),
(6, 5, 13, 12, '20000.00'),
(7, 6, 9, 10, '35000.00'),
(8, 7, 10, 1, '12000.00'),
(9, 7, 9, 1, '35000.00'),
(10, 7, 2, 1, '31000.00'),
(11, 8, 9, 1, '35000.00'),
(12, 8, 1, 2, '65000.00'),
(13, 9, 4, 3, '10000.00'),
(14, 9, 2, 1, '31000.00'),
(22, 9, 5, 1, '12000.00'),
(27, 13, 9, 3, '40000.00'),
(28, 13, 18, 3, '10000.00'),
(29, 13, 10, 1, '12000.00'),
(30, 13, 1, 1, '70000.00'),
(31, 14, 16, 1, '9000.00'),
(32, 14, 9, 1, '40000.00'),
(33, 14, 1, 1, '70000.00'),
(34, 14, 18, 1, '10000.00'),
(35, 15, 9, 1, '40000.00'),
(36, 16, 9, 1, '40000.00'),
(37, 16, 16, 1, '9000.00'),
(38, 16, 10, 1, '12000.00'),
(39, 16, 12, 1, '15000.00'),
(41, 17, 16, 1, '9000.00'),
(42, 17, 9, 1, '40000.00'),
(43, 18, 9, 1, '40000.00'),
(44, 18, 16, 1, '9000.00');

-- --------------------------------------------------------

--
-- Table structure for table `payments`
--

CREATE TABLE `payments` (
  `id` bigint(20) NOT NULL,
  `order_id` bigint(20) DEFAULT NULL,
  `payment_price` decimal(8,2) DEFAULT NULL,
  `payment_date` datetime NOT NULL,
  `picture_name` varchar(191) DEFAULT NULL,
  `payment_status` enum('1','2','3') DEFAULT '1',
  `confirmed_date` datetime DEFAULT NULL,
  `payment_data` text DEFAULT NULL
) ENGINE=InnoDB DEFAULT CHARSET=utf8mb4;

--
-- Dumping data for table `payments`
--

INSERT INTO `payments` (`id`, `order_id`, `payment_price`, `payment_date`, `picture_name`, `payment_status`, `confirmed_date`, `payment_data`) VALUES
(4, 5, '271000.00', '2020-03-29 08:20:39', 'category-1.jpg', '1', NULL, '{\"transfer_to\":\"bri\",\"source\":{\"bank\":\"Bank BRI\",\"name\":\"Agung Tri Saputra\",\"number\":\"12-345-678-9\"}}'),
(5, 7, '78000.00', '2020-03-30 08:51:08', 'html5.jpg', '2', NULL, '{\"transfer_to\":\"btn\",\"source\":{\"bank\":\"BANK BCA\",\"name\":\"MMS\",\"number\":\"123-456\"}}');

-- --------------------------------------------------------

--
-- Table structure for table `products`
--

CREATE TABLE `products` (
  `id` bigint(20) NOT NULL,
  `category_id` int(10) DEFAULT NULL,
  `sku` varchar(32) DEFAULT NULL,
  `name` varchar(191) NOT NULL,
  `penjual` varchar(255) DEFAULT NULL,
  `no_hp` varchar(20) DEFAULT NULL,
  `lokasi` varchar(255) DEFAULT NULL,
  `description` varchar(191) DEFAULT NULL,
  `picture_name` varchar(191) DEFAULT NULL,
  `price` decimal(8,2) NOT NULL,
  `current_discount` decimal(8,2) DEFAULT 0.00,
  `stock` int(10) NOT NULL,
  `product_unit` varchar(32) DEFAULT NULL,
  `is_available` tinyint(1) DEFAULT 1,
  `add_date` datetime DEFAULT NULL
) ENGINE=InnoDB DEFAULT CHARSET=utf8mb4;

--
-- Dumping data for table `products`
--

INSERT INTO `products` (`id`, `category_id`, `sku`, `name`, `penjual`, `no_hp`, `lokasi`, `description`, `picture_name`, `price`, `current_discount`, `stock`, `product_unit`, `is_available`, `add_date`) VALUES
(1, 2, 'SB750372', 'Strawberry', 'Sasuke', '08973637485', 'Pasar Uciha', '', 'category-2.jpg', '70000.00', '5000.00', 50, 'Kg', 1, '2020-03-26 15:02:52'),
(2, 1, 'BS350420', 'Brokoli', NULL, NULL, NULL, NULL, 'product-6.jpg', '33000.00', '2000.00', 10, 'Kg', 1, '2020-03-26 15:03:40'),
(4, 1, 'TS120790', 'Tomat', NULL, NULL, NULL, NULL, 'product-5.jpg', '10000.00', '0.00', 20, 'Kg', 1, '2020-03-26 19:36:30'),
(5, 1, 'WS120811', 'Wortel', NULL, NULL, NULL, NULL, 'product-7.jpg', '12000.00', '0.00', 20, 'Kg', 1, '2020-03-26 19:36:51'),
(8, 1, 'PS220885', 'Paprika', NULL, NULL, NULL, NULL, 'product-12.jpg', '20000.00', '0.00', 20, 'Kg', 1, '2020-03-26 19:38:05'),
(9, 2, 'AB450163', 'Apel', NULL, NULL, NULL, NULL, 'product-10.jpg', '40000.00', '0.00', 50, 'Kg', 1, '2020-03-26 19:42:43'),
(10, 1, 'BMS120283', 'Bawang Merah', NULL, NULL, NULL, NULL, 'product-9.jpg', '12000.00', '0.00', 20, 'Kg', 1, '2020-03-26 19:44:42'),
(11, 1, 'URS13301', 'Ubi Rambat', NULL, NULL, NULL, NULL, 'product-4.jpg', '15000.00', '0.00', 3, 'Kg', 1, '2020-03-26 19:45:01'),
(12, 1, 'BPS15347', 'Bawang Putih', NULL, NULL, NULL, NULL, 'product-111.jpg', '15000.00', '0.00', 5, 'Kg', 1, '2020-03-26 19:45:47'),
(13, 1, 'KPS223370', 'Kacang Polong', NULL, NULL, NULL, NULL, 'product-3.jpg', '20000.00', '0.00', 23, 'Kg', 1, '2020-03-26 19:46:10'),
(14, 1, 'CMS410424', 'Cabai Merah', NULL, NULL, NULL, NULL, 'product-121.jpg', '40000.00', '7000.00', 10, 'Kg', 1, '2020-03-26 19:47:04'),
(16, 2, 'JB1KB823114', 'Jambu Batu 1 Kg', 'Sakura', '087765234123', 'Pasar Konoha', 'Sebuah Pasar Otaku', '7f7a964f-0590-4ca5-9f6f-5f07858f74b9_431.jpeg', '9000.00', '0.00', 23, 'kg', 1, '2021-04-24 16:21:54'),
(18, 2, 'J5B123853', 'Jeruk 500gr', 'Anis', '67576564546', 'Pasar Uciha', '', 'buah_jeruk.jpg', '10000.00', '0.00', 23, 'kg', 1, '2021-04-29 16:00:53');

-- --------------------------------------------------------

--
-- Table structure for table `product_category`
--

CREATE TABLE `product_category` (
  `id` int(10) NOT NULL,
  `name` varchar(191) NOT NULL
) ENGINE=InnoDB DEFAULT CHARSET=utf8mb4;

--
-- Dumping data for table `product_category`
--

INSERT INTO `product_category` (`id`, `name`) VALUES
(1, 'Sayur'),
(2, 'Buah');

-- --------------------------------------------------------

--
-- Table structure for table `reviews`
--

CREATE TABLE `reviews` (
  `id` bigint(20) NOT NULL,
  `user_id` bigint(20) UNSIGNED DEFAULT NULL,
  `order_id` bigint(20) DEFAULT NULL,
  `title` varchar(191) DEFAULT NULL,
  `review_text` mediumtext NOT NULL,
  `review_date` datetime NOT NULL,
  `status` tinyint(1) NOT NULL DEFAULT 1
) ENGINE=InnoDB DEFAULT CHARSET=utf8mb4;

--
-- Dumping data for table `reviews`
--

INSERT INTO `reviews` (`id`, `user_id`, `order_id`, `title`, `review_text`, `review_date`, `status`) VALUES
(2, 7, 6, 'Sangat puas', 'Pengiriman cepat dan sayur segar', '2020-03-30 08:31:31', 1),
(3, 7, 5, 'Buah segar', 'Buah segar dan kualitasnya sangat bagus', '2020-03-30 08:33:10', 1);

-- --------------------------------------------------------

--
-- Table structure for table `roles`
--

CREATE TABLE `roles` (
  `id` int(10) NOT NULL,
  `role_name` varchar(191) NOT NULL
) ENGINE=InnoDB DEFAULT CHARSET=utf8mb4;

--
-- Dumping data for table `roles`
--

INSERT INTO `roles` (`id`, `role_name`) VALUES
(1, 'Admin'),
(2, 'Customer');

-- --------------------------------------------------------

--
-- Table structure for table `settings`
--

CREATE TABLE `settings` (
  `id` int(10) NOT NULL,
  `key` varchar(32) NOT NULL,
  `content` varchar(191) NOT NULL
) ENGINE=InnoDB DEFAULT CHARSET=utf8mb4;

--
-- Dumping data for table `settings`
--

INSERT INTO `settings` (`id`, `key`, `content`) VALUES
(1, 'current_theme_name', 'vegefoods'),
(2, 'store_name', 'Toko Sayur 22'),
(3, 'store_phone_number', '082281666584'),
(4, 'store_email', 'tokosayur22@gmail.com'),
(5, 'store_tagline', 'Belanja Sayur Segar 24 Jam'),
(6, 'store_logo', 'Logo.png'),
(7, 'max_product_image_size', '20000'),
(8, 'store_description', 'Belanja sayur dan buah dengan murah, mudah dan cepat'),
(9, 'store_address', 'Jl. Medan Baru VI, RT 12 RW 06 Kel. Kandang Limun'),
(10, 'min_shop_to_free_shipping_cost', '20000'),
(11, 'shipping_cost', '3000'),
(12, 'payment_banks', '{\"bri\":{\"bank\":\"BRI\",\"name\":\"Martin Mulyo Syahidin\",\"number\":\"9999-999-99-9\"},\"btn\":{\"bank\":\"BNI\",\"name\":\"Martin Mulyo Syahidin\",\"number\":\"4444-444-44-4\"},\"bni\":{\"bank\":\"BTN\",\"name\":\"Martin M');

-- --------------------------------------------------------

--
-- Table structure for table `users`
--

CREATE TABLE `users` (
  `id` bigint(20) UNSIGNED NOT NULL,
  `name` varchar(50) COLLATE utf8mb4_unicode_ci DEFAULT NULL,
  `email` varchar(191) COLLATE utf8mb4_unicode_ci NOT NULL,
  `email_verified_at` timestamp NULL DEFAULT NULL,
  `username` varchar(16) COLLATE utf8mb4_unicode_ci NOT NULL,
  `password` varchar(191) COLLATE utf8mb4_unicode_ci NOT NULL,
  `profile_picture` varchar(128) COLLATE utf8mb4_unicode_ci DEFAULT NULL,
  `role_id` int(10) DEFAULT 0,
  `register_date` datetime DEFAULT NULL
) ENGINE=InnoDB DEFAULT CHARSET=utf8mb4 COLLATE=utf8mb4_unicode_ci;

--
-- Dumping data for table `users`
--

INSERT INTO `users` (`id`, `name`, `email`, `email_verified_at`, `username`, `password`, `profile_picture`, `role_id`, `register_date`) VALUES
(1, 'Mulyo Jr.', 'mulyosyahidin95@gmail.com', NULL, 'mulyojr', '$2y$10$tin9aX4Uz.wlBhZYuD4Fju9q1.O07BwUKxp6yvveTeIrrsa46fqDC', 'agung1.png', 1, NULL),
(7, NULL, 'agungtri@gmail.com', NULL, 'agungtri', '$2y$10$tin9aX4Uz.wlBhZYuD4Fju9q1.O07BwUKxp6yvveTeIrrsa46fqDC', NULL, 2, '2020-03-29 08:14:30'),
(12, NULL, 'jamalfiqri@gmail.com', NULL, 'Fiqi', '$2y$10$oX1tL3xKf2hQLArlNmabaOSfJwv.63o1ZzRpujoXQhTlb2QokEpzq', 'default.png', 2, '2021-05-07 11:54:42');

--
-- Indexes for dumped tables
--

--
-- Indexes for table `alamat`
--
ALTER TABLE `alamat`
  ADD PRIMARY KEY (`id`);

--
-- Indexes for table `ci_sessions`
--
ALTER TABLE `ci_sessions`
  ADD KEY `ci_sessions_timestamp` (`timestamp`);

--
-- Indexes for table `contacts`
--
ALTER TABLE `contacts`
  ADD PRIMARY KEY (`id`),
  ADD KEY `FK_contacts_contacts` (`parent_id`);

--
-- Indexes for table `coupons`
--
ALTER TABLE `coupons`
  ADD PRIMARY KEY (`id`);

--
-- Indexes for table `customers`
--
ALTER TABLE `customers`
  ADD PRIMARY KEY (`id`),
  ADD KEY `FK_customers_users` (`user_id`);

--
-- Indexes for table `gambar`
--
ALTER TABLE `gambar`
  ADD PRIMARY KEY (`id`);

--
-- Indexes for table `harga_grosir`
--
ALTER TABLE `harga_grosir`
  ADD PRIMARY KEY (`id`),
  ADD KEY `product_id` (`product_id`);

--
-- Indexes for table `orders`
--
ALTER TABLE `orders`
  ADD PRIMARY KEY (`id`),
  ADD KEY `FK_orders_users` (`user_id`),
  ADD KEY `FK_orders_coupons` (`coupon_id`);

--
-- Indexes for table `order_item`
--
ALTER TABLE `order_item`
  ADD PRIMARY KEY (`id`),
  ADD KEY `order_id` (`order_id`),
  ADD KEY `product_id` (`product_id`);

--
-- Indexes for table `payments`
--
ALTER TABLE `payments`
  ADD PRIMARY KEY (`id`),
  ADD KEY `order_id` (`order_id`);

--
-- Indexes for table `products`
--
ALTER TABLE `products`
  ADD PRIMARY KEY (`id`),
  ADD KEY `FK_products_product_category` (`category_id`);

--
-- Indexes for table `product_category`
--
ALTER TABLE `product_category`
  ADD PRIMARY KEY (`id`);

--
-- Indexes for table `reviews`
--
ALTER TABLE `reviews`
  ADD PRIMARY KEY (`id`),
  ADD KEY `FK_reviews_users` (`user_id`),
  ADD KEY `FK_reviews_orders` (`order_id`);

--
-- Indexes for table `roles`
--
ALTER TABLE `roles`
  ADD PRIMARY KEY (`id`);

--
-- Indexes for table `settings`
--
ALTER TABLE `settings`
  ADD PRIMARY KEY (`id`) USING BTREE;

--
-- Indexes for table `users`
--
ALTER TABLE `users`
  ADD PRIMARY KEY (`id`) USING BTREE,
  ADD UNIQUE KEY `users_email_unique` (`email`) USING BTREE,
  ADD KEY `role_id` (`role_id`);

--
-- AUTO_INCREMENT for dumped tables
--

--
-- AUTO_INCREMENT for table `alamat`
--
ALTER TABLE `alamat`
  MODIFY `id` int(11) NOT NULL AUTO_INCREMENT, AUTO_INCREMENT=17;

--
-- AUTO_INCREMENT for table `contacts`
--
ALTER TABLE `contacts`
  MODIFY `id` int(10) NOT NULL AUTO_INCREMENT, AUTO_INCREMENT=3;

--
-- AUTO_INCREMENT for table `coupons`
--
ALTER TABLE `coupons`
  MODIFY `id` bigint(20) NOT NULL AUTO_INCREMENT, AUTO_INCREMENT=4;

--
-- AUTO_INCREMENT for table `customers`
--
ALTER TABLE `customers`
  MODIFY `id` bigint(20) NOT NULL AUTO_INCREMENT, AUTO_INCREMENT=12;

--
-- AUTO_INCREMENT for table `gambar`
--
ALTER TABLE `gambar`
  MODIFY `id` int(11) NOT NULL AUTO_INCREMENT, AUTO_INCREMENT=3;

--
-- AUTO_INCREMENT for table `harga_grosir`
--
ALTER TABLE `harga_grosir`
  MODIFY `id` bigint(20) NOT NULL AUTO_INCREMENT, AUTO_INCREMENT=7;

--
-- AUTO_INCREMENT for table `orders`
--
ALTER TABLE `orders`
  MODIFY `id` bigint(20) NOT NULL AUTO_INCREMENT, AUTO_INCREMENT=19;

--
-- AUTO_INCREMENT for table `order_item`
--
ALTER TABLE `order_item`
  MODIFY `id` bigint(20) NOT NULL AUTO_INCREMENT, AUTO_INCREMENT=45;

--
-- AUTO_INCREMENT for table `payments`
--
ALTER TABLE `payments`
  MODIFY `id` bigint(20) NOT NULL AUTO_INCREMENT, AUTO_INCREMENT=6;

--
-- AUTO_INCREMENT for table `products`
--
ALTER TABLE `products`
  MODIFY `id` bigint(20) NOT NULL AUTO_INCREMENT, AUTO_INCREMENT=19;

--
-- AUTO_INCREMENT for table `product_category`
--
ALTER TABLE `product_category`
  MODIFY `id` int(10) NOT NULL AUTO_INCREMENT, AUTO_INCREMENT=9;

--
-- AUTO_INCREMENT for table `reviews`
--
ALTER TABLE `reviews`
  MODIFY `id` bigint(20) NOT NULL AUTO_INCREMENT, AUTO_INCREMENT=4;

--
-- AUTO_INCREMENT for table `roles`
--
ALTER TABLE `roles`
  MODIFY `id` int(10) NOT NULL AUTO_INCREMENT, AUTO_INCREMENT=3;

--
-- AUTO_INCREMENT for table `settings`
--
ALTER TABLE `settings`
  MODIFY `id` int(10) NOT NULL AUTO_INCREMENT, AUTO_INCREMENT=13;

--
-- AUTO_INCREMENT for table `users`
--
ALTER TABLE `users`
  MODIFY `id` bigint(20) UNSIGNED NOT NULL AUTO_INCREMENT, AUTO_INCREMENT=13;

--
-- Constraints for dumped tables
--

--
-- Constraints for table `contacts`
--
ALTER TABLE `contacts`
  ADD CONSTRAINT `FK_contacts_contacts` FOREIGN KEY (`parent_id`) REFERENCES `contacts` (`id`) ON DELETE CASCADE ON UPDATE NO ACTION;

--
-- Constraints for table `customers`
--
ALTER TABLE `customers`
  ADD CONSTRAINT `FK_customers_users` FOREIGN KEY (`user_id`) REFERENCES `users` (`id`) ON DELETE NO ACTION ON UPDATE CASCADE;

--
-- Constraints for table `harga_grosir`
--
ALTER TABLE `harga_grosir`
  ADD CONSTRAINT `harga_grosir_ibfk_1` FOREIGN KEY (`product_id`) REFERENCES `products` (`id`);

--
-- Constraints for table `orders`
--
ALTER TABLE `orders`
  ADD CONSTRAINT `FK_orders_coupons` FOREIGN KEY (`coupon_id`) REFERENCES `coupons` (`id`) ON DELETE SET NULL ON UPDATE CASCADE,
  ADD CONSTRAINT `FK_orders_users` FOREIGN KEY (`user_id`) REFERENCES `users` (`id`) ON DELETE NO ACTION ON UPDATE CASCADE;

--
-- Constraints for table `payments`
--
ALTER TABLE `payments`
  ADD CONSTRAINT `FK_payments_orders` FOREIGN KEY (`order_id`) REFERENCES `orders` (`id`) ON DELETE NO ACTION ON UPDATE NO ACTION;
COMMIT;

/*!40101 SET CHARACTER_SET_CLIENT=@OLD_CHARACTER_SET_CLIENT */;
/*!40101 SET CHARACTER_SET_RESULTS=@OLD_CHARACTER_SET_RESULTS */;
/*!40101 SET COLLATION_CONNECTION=@OLD_COLLATION_CONNECTION */;
