-- phpMyAdmin SQL Dump
-- version 4.9.1
-- https://www.phpmyadmin.net/
--
-- Host: 127.0.0.1
-- Generation Time: May 08, 2021 at 05:26 AM
-- Server version: 10.4.8-MariaDB
-- PHP Version: 7.3.10

SET SQL_MODE = "NO_AUTO_VALUE_ON_ZERO";
SET AUTOCOMMIT = 0;
START TRANSACTION;
SET time_zone = "+00:00";


/*!40101 SET @OLD_CHARACTER_SET_CLIENT=@@CHARACTER_SET_CLIENT */;
/*!40101 SET @OLD_CHARACTER_SET_RESULTS=@@CHARACTER_SET_RESULTS */;
/*!40101 SET @OLD_COLLATION_CONNECTION=@@COLLATION_CONNECTION */;
/*!40101 SET NAMES utf8mb4 */;

--
-- Database: `sayur`
--

-- --------------------------------------------------------

--
-- Table structure for table `ci_sessions`
--

CREATE TABLE `ci_sessions` (
  `id` varchar(128) NOT NULL,
  `ip_address` varchar(45) NOT NULL,
  `timestamp` int(10) UNSIGNED NOT NULL DEFAULT 0,
  `data` blob NOT NULL
) ENGINE=InnoDB DEFAULT CHARSET=utf8mb4;

--
-- Dumping data for table `ci_sessions`
--

INSERT INTO `ci_sessions` (`id`, `ip_address`, `timestamp`, `data`) VALUES
('srcholucqqh8hti7f21acropfkvrdoqc', '::1', 1619852900, 0x5f5f63695f6c6173745f726567656e65726174657c693a313631393835323930303b),
('imggsktaksaqpbo80ktg2aclq3u6u5j1', '::1', 1619853433, 0x5f5f63695f6c6173745f726567656e65726174657c693a313631393835333433333b),
('i1cf8fkavivaakct3vmgslgqli2tj671', '::1', 1619853768, 0x5f5f63695f6c6173745f726567656e65726174657c693a313631393835333736383b),
('vctd31olion046kkn8i5k63079120toi', '::1', 1619854192, 0x5f5f63695f6c6173745f726567656e65726174657c693a313631393835343139323b),
('mlulk7dha9pcaa0bm7vmatvj250aps6o', '::1', 1619855362, 0x5f5f63695f6c6173745f726567656e65726174657c693a313631393835353336323b),
('1oiq9r7l0u657h1t0uibmh50e21a24d8', '::1', 1619855693, 0x5f5f63695f6c6173745f726567656e65726174657c693a313631393835353639333b),
('f45vsp6du46k03m14u97ujhdk34jir9r', '::1', 1619856016, 0x5f5f63695f6c6173745f726567656e65726174657c693a313631393835363031363b),
('kn1mareojj6tab5npb3bv9hmhm5do8p5', '::1', 1619856677, 0x5f5f63695f6c6173745f726567656e65726174657c693a313631393835363637373b),
('t9vmicgf75c9ljvhub5k2th4i41pm65s', '::1', 1619857003, 0x5f5f63695f6c6173745f726567656e65726174657c693a313631393835373030333b),
('6nqjq6uah9mffcaefg0ehes23hg3b97h', '::1', 1619857575, 0x5f5f63695f6c6173745f726567656e65726174657c693a313631393835373537353b),
('0k4l6v43o3phlqds3vbv391nasftflq1', '::1', 1619857898, 0x5f5f63695f6c6173745f726567656e65726174657c693a313631393835373839383b),
('vg923m5no4g5qkar0kmk7p7s5bsjbue4', '::1', 1619858248, 0x5f5f63695f6c6173745f726567656e65726174657c693a313631393835383234383b),
('s3vu0q2fthos6jfhbpfnuf5us340qe65', '::1', 1619858599, 0x5f5f63695f6c6173745f726567656e65726174657c693a313631393835383539393b),
('aiuhd0cngrbapj6up4m3u5in94cn6agf', '::1', 1619858920, 0x5f5f63695f6c6173745f726567656e65726174657c693a313631393835383932303b),
('bbtkndjo8jffmfgek498hjffgmci0gq2', '::1', 1619859330, 0x5f5f63695f6c6173745f726567656e65726174657c693a313631393835393333303b),
('p9qs4g14ea8h384nitjijmbehsfqtrpc', '::1', 1619859672, 0x5f5f63695f6c6173745f726567656e65726174657c693a313631393835393637323b),
('q8r3h9c38q98ielhvn82p0aau8hq1lbn', '::1', 1619859986, 0x5f5f63695f6c6173745f726567656e65726174657c693a313631393835393938363b),
('a8p4fu5008him4852incqqs75snjmbuj', '::1', 1619860289, 0x5f5f63695f6c6173745f726567656e65726174657c693a313631393836303238393b),
('6f8tn5rhb52pn5514aubbkrmcvcmb86a', '::1', 1619860592, 0x5f5f63695f6c6173745f726567656e65726174657c693a313631393836303539323b),
('mcbfosdhiu1frpn52jtmj6c1d27m31r1', '::1', 1619861037, 0x5f5f63695f6c6173745f726567656e65726174657c693a313631393836313033373b),
('tuhevf8voeic93s6a2hvanbhlaskjl5j', '::1', 1619861359, 0x5f5f63695f6c6173745f726567656e65726174657c693a313631393836313335393b),
('cajqucnipqqk1ong2o2mi2c0ac2js5in', '::1', 1619861738, 0x5f5f63695f6c6173745f726567656e65726174657c693a313631393836313733383b),
('1hnig2j0malu0rv9o537inkugkbpblfa', '::1', 1619862094, 0x5f5f63695f6c6173745f726567656e65726174657c693a313631393836323039343b),
('u7cur3s1bitsouiuoh2tv311a5fql36b', '::1', 1619862203, 0x5f5f63695f6c6173745f726567656e65726174657c693a313631393836323039343b),
('ohs7jke449irojkm57c62tjlipjh3199', '::1', 1620001902, 0x5f5f63695f6c6173745f726567656e65726174657c693a313632303030313930323b636172745f636f6e74656e74737c613a333a7b733a31303a22636172745f746f74616c223b643a39393030303b733a31313a22746f74616c5f6974656d73223b643a333b733a33323a226161623332333839323262636332356136663630366562353235666664633536223b613a363a7b733a323a226964223b733a323a223134223b733a333a22717479223b643a333b733a353a227072696365223b643a33333030303b733a343a226e616d65223b733a31313a224361626169204d65726168223b733a353a22726f776964223b733a33323a226161623332333839323262636332356136663630366562353235666664633536223b733a383a22737562746f74616c223b643a39393030303b7d7d),
('a0qehuaijr6vpkmg06ng7pfvl64b8l5k', '::1', 1620002236, 0x5f5f63695f6c6173745f726567656e65726174657c693a313632303030323233363b636172745f636f6e74656e74737c613a333a7b733a31303a22636172745f746f74616c223b643a3133323030303b733a31313a22746f74616c5f6974656d73223b643a343b733a33323a226161623332333839323262636332356136663630366562353235666664633536223b613a363a7b733a323a226964223b733a323a223134223b733a333a22717479223b643a343b733a353a227072696365223b643a33333030303b733a343a226e616d65223b733a31313a224361626169204d65726168223b733a353a22726f776964223b733a33323a226161623332333839323262636332356136663630366562353235666664633536223b733a383a22737562746f74616c223b643a3133323030303b7d7d),
('lmdqi8t6ln9es10npumv6pa5n013adoh', '::1', 1620002947, 0x5f5f63695f6c6173745f726567656e65726174657c693a313632303030323934373b636172745f636f6e74656e74737c613a343a7b733a31303a22636172745f746f74616c223b643a3134313030303b733a31313a22746f74616c5f6974656d73223b643a353b733a33323a226161623332333839323262636332356136663630366562353235666664633536223b613a363a7b733a323a226964223b733a323a223134223b733a333a22717479223b643a343b733a353a227072696365223b643a33333030303b733a343a226e616d65223b733a31313a224361626169204d65726168223b733a353a22726f776964223b733a33323a226161623332333839323262636332356136663630366562353235666664633536223b733a383a22737562746f74616c223b643a3133323030303b7d733a33323a226337346439376230316561653235376534346161396435626164653937626166223b613a363a7b733a323a226964223b733a323a223136223b733a333a22717479223b643a313b733a353a227072696365223b643a393030303b733a343a226e616d65223b733a31353a224a616d627520426174752031204b67223b733a353a22726f776964223b733a33323a226337346439376230316561653235376534346161396435626164653937626166223b733a383a22737562746f74616c223b643a393030303b7d7d),
('n68iq4e6fiu047nrsrggcrhjfkhkcirj', '::1', 1620003273, 0x5f5f63695f6c6173745f726567656e65726174657c693a313632303030333237333b636172745f636f6e74656e74737c613a353a7b733a31303a22636172745f746f74616c223b643a3330313030303b733a31313a22746f74616c5f6974656d73223b643a393b733a33323a226161623332333839323262636332356136663630366562353235666664633536223b613a363a7b733a323a226964223b733a323a223134223b733a333a22717479223b643a343b733a353a227072696365223b643a33333030303b733a343a226e616d65223b733a31313a224361626169204d65726168223b733a353a22726f776964223b733a33323a226161623332333839323262636332356136663630366562353235666664633536223b733a383a22737562746f74616c223b643a3133323030303b7d733a33323a226337346439376230316561653235376534346161396435626164653937626166223b613a363a7b733a323a226964223b733a323a223136223b733a333a22717479223b643a313b733a353a227072696365223b643a393030303b733a343a226e616d65223b733a31353a224a616d627520426174752031204b67223b733a353a22726f776964223b733a33323a226337346439376230316561653235376534346161396435626164653937626166223b733a383a22737562746f74616c223b643a393030303b7d733a33323a223435633438636365326532643766626465613161666335316337633661643236223b613a363a7b733a323a226964223b733a313a2239223b733a333a22717479223b643a343b733a353a227072696365223b643a34303030303b733a343a226e616d65223b733a343a224170656c223b733a353a22726f776964223b733a33323a223435633438636365326532643766626465613161666335316337633661643236223b733a383a22737562746f74616c223b643a3136303030303b7d7d),
('80m0e6adf2ehouq1qg769r19q97c253v', '::1', 1620003603, 0x5f5f63695f6c6173745f726567656e65726174657c693a313632303030333630333b636172745f636f6e74656e74737c613a353a7b733a31303a22636172745f746f74616c223b643a3330313030303b733a31313a22746f74616c5f6974656d73223b643a393b733a33323a226161623332333839323262636332356136663630366562353235666664633536223b613a363a7b733a323a226964223b733a323a223134223b733a333a22717479223b643a343b733a353a227072696365223b643a33333030303b733a343a226e616d65223b733a31313a224361626169204d65726168223b733a353a22726f776964223b733a33323a226161623332333839323262636332356136663630366562353235666664633536223b733a383a22737562746f74616c223b643a3133323030303b7d733a33323a226337346439376230316561653235376534346161396435626164653937626166223b613a363a7b733a323a226964223b733a323a223136223b733a333a22717479223b643a313b733a353a227072696365223b643a393030303b733a343a226e616d65223b733a31353a224a616d627520426174752031204b67223b733a353a22726f776964223b733a33323a226337346439376230316561653235376534346161396435626164653937626166223b733a383a22737562746f74616c223b643a393030303b7d733a33323a223435633438636365326532643766626465613161666335316337633661643236223b613a363a7b733a323a226964223b733a313a2239223b733a333a22717479223b643a343b733a353a227072696365223b643a34303030303b733a343a226e616d65223b733a343a224170656c223b733a353a22726f776964223b733a33323a223435633438636365326532643766626465613161666335316337633661643236223b733a383a22737562746f74616c223b643a3136303030303b7d7d),
('uclj4mktapcj4t2bm14094km5c6kfer4', '::1', 1620004043, 0x5f5f63695f6c6173745f726567656e65726174657c693a313632303030343034333b636172745f636f6e74656e74737c613a353a7b733a31303a22636172745f746f74616c223b643a3330313030303b733a31313a22746f74616c5f6974656d73223b643a393b733a33323a226161623332333839323262636332356136663630366562353235666664633536223b613a363a7b733a323a226964223b733a323a223134223b733a333a22717479223b643a343b733a353a227072696365223b643a33333030303b733a343a226e616d65223b733a31313a224361626169204d65726168223b733a353a22726f776964223b733a33323a226161623332333839323262636332356136663630366562353235666664633536223b733a383a22737562746f74616c223b643a3133323030303b7d733a33323a226337346439376230316561653235376534346161396435626164653937626166223b613a363a7b733a323a226964223b733a323a223136223b733a333a22717479223b643a313b733a353a227072696365223b643a393030303b733a343a226e616d65223b733a31353a224a616d627520426174752031204b67223b733a353a22726f776964223b733a33323a226337346439376230316561653235376534346161396435626164653937626166223b733a383a22737562746f74616c223b643a393030303b7d733a33323a223435633438636365326532643766626465613161666335316337633661643236223b613a363a7b733a323a226964223b733a313a2239223b733a333a22717479223b643a343b733a353a227072696365223b643a34303030303b733a343a226e616d65223b733a343a224170656c223b733a353a22726f776964223b733a33323a223435633438636365326532643766626465613161666335316337633661643236223b733a383a22737562746f74616c223b643a3136303030303b7d7d),
('uiqjaeshbjfvfh078cp7susflddqjqle', '::1', 1620005182, 0x5f5f63695f6c6173745f726567656e65726174657c693a313632303030353138323b636172745f636f6e74656e74737c613a353a7b733a31303a22636172745f746f74616c223b643a3334313030303b733a31313a22746f74616c5f6974656d73223b643a31303b733a33323a226161623332333839323262636332356136663630366562353235666664633536223b613a363a7b733a323a226964223b733a323a223134223b733a333a22717479223b643a343b733a353a227072696365223b643a33333030303b733a343a226e616d65223b733a31313a224361626169204d65726168223b733a353a22726f776964223b733a33323a226161623332333839323262636332356136663630366562353235666664633536223b733a383a22737562746f74616c223b643a3133323030303b7d733a33323a226337346439376230316561653235376534346161396435626164653937626166223b613a363a7b733a323a226964223b733a323a223136223b733a333a22717479223b643a313b733a353a227072696365223b643a393030303b733a343a226e616d65223b733a31353a224a616d627520426174752031204b67223b733a353a22726f776964223b733a33323a226337346439376230316561653235376534346161396435626164653937626166223b733a383a22737562746f74616c223b643a393030303b7d733a33323a223435633438636365326532643766626465613161666335316337633661643236223b613a363a7b733a323a226964223b733a313a2239223b733a333a22717479223b643a353b733a353a227072696365223b643a34303030303b733a343a226e616d65223b733a343a224170656c223b733a353a22726f776964223b733a33323a223435633438636365326532643766626465613161666335316337633661643236223b733a383a22737562746f74616c223b643a3230303030303b7d7d),
('hik8pfvmsft2o8u1ek2vh2cu6gr1k6eh', '::1', 1620005490, 0x5f5f63695f6c6173745f726567656e65726174657c693a313632303030353439303b636172745f636f6e74656e74737c613a353a7b733a31303a22636172745f746f74616c223b643a3334313030303b733a31313a22746f74616c5f6974656d73223b643a31303b733a33323a226161623332333839323262636332356136663630366562353235666664633536223b613a363a7b733a323a226964223b733a323a223134223b733a333a22717479223b643a343b733a353a227072696365223b643a33333030303b733a343a226e616d65223b733a31313a224361626169204d65726168223b733a353a22726f776964223b733a33323a226161623332333839323262636332356136663630366562353235666664633536223b733a383a22737562746f74616c223b643a3133323030303b7d733a33323a226337346439376230316561653235376534346161396435626164653937626166223b613a363a7b733a323a226964223b733a323a223136223b733a333a22717479223b643a313b733a353a227072696365223b643a393030303b733a343a226e616d65223b733a31353a224a616d627520426174752031204b67223b733a353a22726f776964223b733a33323a226337346439376230316561653235376534346161396435626164653937626166223b733a383a22737562746f74616c223b643a393030303b7d733a33323a223435633438636365326532643766626465613161666335316337633661643236223b613a363a7b733a323a226964223b733a313a2239223b733a333a22717479223b643a353b733a353a227072696365223b643a34303030303b733a343a226e616d65223b733a343a224170656c223b733a353a22726f776964223b733a33323a223435633438636365326532643766626465613161666335316337633661643236223b733a383a22737562746f74616c223b643a3230303030303b7d7d),
('2r26nghvjr5aknn5586vn76uaglka1ut', '::1', 1620005804, 0x5f5f63695f6c6173745f726567656e65726174657c693a313632303030353830343b636172745f636f6e74656e74737c613a353a7b733a31303a22636172745f746f74616c223b643a3334313030303b733a31313a22746f74616c5f6974656d73223b643a31303b733a33323a226161623332333839323262636332356136663630366562353235666664633536223b613a363a7b733a323a226964223b733a323a223134223b733a333a22717479223b643a343b733a353a227072696365223b643a33333030303b733a343a226e616d65223b733a31313a224361626169204d65726168223b733a353a22726f776964223b733a33323a226161623332333839323262636332356136663630366562353235666664633536223b733a383a22737562746f74616c223b643a3133323030303b7d733a33323a226337346439376230316561653235376534346161396435626164653937626166223b613a363a7b733a323a226964223b733a323a223136223b733a333a22717479223b643a313b733a353a227072696365223b643a393030303b733a343a226e616d65223b733a31353a224a616d627520426174752031204b67223b733a353a22726f776964223b733a33323a226337346439376230316561653235376534346161396435626164653937626166223b733a383a22737562746f74616c223b643a393030303b7d733a33323a223435633438636365326532643766626465613161666335316337633661643236223b613a363a7b733a323a226964223b733a313a2239223b733a333a22717479223b643a353b733a353a227072696365223b643a34303030303b733a343a226e616d65223b733a343a224170656c223b733a353a22726f776964223b733a33323a223435633438636365326532643766626465613161666335316337633661643236223b733a383a22737562746f74616c223b643a3230303030303b7d7d),
('e06hthsml82motv93mj0f05507eq2pon', '::1', 1620006928, 0x5f5f63695f6c6173745f726567656e65726174657c693a313632303030363932383b636172745f636f6e74656e74737c613a363a7b733a31303a22636172745f746f74616c223b643a3338363030303b733a31313a22746f74616c5f6974656d73223b643a31333b733a33323a226161623332333839323262636332356136663630366562353235666664633536223b613a363a7b733a323a226964223b733a323a223134223b733a333a22717479223b643a343b733a353a227072696365223b643a33333030303b733a343a226e616d65223b733a31313a224361626169204d65726168223b733a353a22726f776964223b733a33323a226161623332333839323262636332356136663630366562353235666664633536223b733a383a22737562746f74616c223b643a3133323030303b7d733a33323a226337346439376230316561653235376534346161396435626164653937626166223b613a363a7b733a323a226964223b733a323a223136223b733a333a22717479223b643a313b733a353a227072696365223b643a393030303b733a343a226e616d65223b733a31353a224a616d627520426174752031204b67223b733a353a22726f776964223b733a33323a226337346439376230316561653235376534346161396435626164653937626166223b733a383a22737562746f74616c223b643a393030303b7d733a33323a223435633438636365326532643766626465613161666335316337633661643236223b613a363a7b733a323a226964223b733a313a2239223b733a333a22717479223b643a353b733a353a227072696365223b643a34303030303b733a343a226e616d65223b733a343a224170656c223b733a353a22726f776964223b733a33323a223435633438636365326532643766626465613161666335316337633661643236223b733a383a22737562746f74616c223b643a3230303030303b7d733a33323a226332306164346437366665393737353961613237613063393962666636373130223b613a363a7b733a323a226964223b733a323a223132223b733a333a22717479223b643a333b733a353a227072696365223b643a31353030303b733a343a226e616d65223b733a31323a22426177616e67205075746968223b733a353a22726f776964223b733a33323a226332306164346437366665393737353961613237613063393962666636373130223b733a383a22737562746f74616c223b643a34353030303b7d7d),
('o8vmqmvqkkuq9f5oeb6s1l8eco44sq9h', '::1', 1620007087, 0x5f5f63695f6c6173745f726567656e65726174657c693a313632303030363932383b636172745f636f6e74656e74737c613a363a7b733a31303a22636172745f746f74616c223b643a3338363030303b733a31313a22746f74616c5f6974656d73223b643a31333b733a33323a226161623332333839323262636332356136663630366562353235666664633536223b613a363a7b733a323a226964223b733a323a223134223b733a333a22717479223b643a343b733a353a227072696365223b643a33333030303b733a343a226e616d65223b733a31313a224361626169204d65726168223b733a353a22726f776964223b733a33323a226161623332333839323262636332356136663630366562353235666664633536223b733a383a22737562746f74616c223b643a3133323030303b7d733a33323a226337346439376230316561653235376534346161396435626164653937626166223b613a363a7b733a323a226964223b733a323a223136223b733a333a22717479223b643a313b733a353a227072696365223b643a393030303b733a343a226e616d65223b733a31353a224a616d627520426174752031204b67223b733a353a22726f776964223b733a33323a226337346439376230316561653235376534346161396435626164653937626166223b733a383a22737562746f74616c223b643a393030303b7d733a33323a223435633438636365326532643766626465613161666335316337633661643236223b613a363a7b733a323a226964223b733a313a2239223b733a333a22717479223b643a353b733a353a227072696365223b643a34303030303b733a343a226e616d65223b733a343a224170656c223b733a353a22726f776964223b733a33323a223435633438636365326532643766626465613161666335316337633661643236223b733a383a22737562746f74616c223b643a3230303030303b7d733a33323a226332306164346437366665393737353961613237613063393962666636373130223b613a363a7b733a323a226964223b733a323a223132223b733a333a22717479223b643a333b733a353a227072696365223b643a31353030303b733a343a226e616d65223b733a31323a22426177616e67205075746968223b733a353a22726f776964223b733a33323a226332306164346437366665393737353961613237613063393962666636373130223b733a383a22737562746f74616c223b643a34353030303b7d7d6f726465725f7175616e746974797c613a343a7b693a31343b613a323a7b733a333a22717479223b643a343b733a353a227072696365223b643a33333030303b7d693a31363b613a323a7b733a333a22717479223b643a313b733a353a227072696365223b643a393030303b7d693a393b613a323a7b733a333a22717479223b643a353b733a353a227072696365223b643a34303030303b7d693a31323b613a323a7b733a333a22717479223b643a333b733a353a227072696365223b643a31353030303b7d7d746f74616c5f70726963657c643a3338363030303b),
('vj89ken65rhkdseogcpm9d3ualhkj52t', '::1', 1620051740, 0x5f5f63695f6c6173745f726567656e65726174657c693a313632303035313638353b636172745f636f6e74656e74737c613a363a7b733a31303a22636172745f746f74616c223b643a3435363030303b733a31313a22746f74616c5f6974656d73223b643a31383b733a33323a223435633438636365326532643766626465613161666335316337633661643236223b613a363a7b733a323a226964223b733a313a2239223b733a333a22717479223b643a393b733a353a227072696365223b643a34303030303b733a343a226e616d65223b733a343a224170656c223b733a353a22726f776964223b733a33323a223435633438636365326532643766626465613161666335316337633661643236223b733a383a22737562746f74616c223b643a3336303030303b7d733a33323a226337346439376230316561653235376534346161396435626164653937626166223b613a363a7b733a323a226964223b733a323a223136223b733a333a22717479223b643a363b733a353a227072696365223b643a393030303b733a343a226e616d65223b733a31353a224a616d627520426174752031204b67223b733a353a22726f776964223b733a33323a226337346439376230316561653235376534346161396435626164653937626166223b733a383a22737562746f74616c223b643a35343030303b7d733a33323a226433643934343638303261343432353937353564333865366431363365383230223b613a363a7b733a323a226964223b733a323a223130223b733a333a22717479223b643a313b733a353a227072696365223b643a31323030303b733a343a226e616d65223b733a31323a22426177616e67204d65726168223b733a353a22726f776964223b733a33323a226433643934343638303261343432353937353564333865366431363365383230223b733a383a22737562746f74616c223b643a31323030303b7d733a33323a226332306164346437366665393737353961613237613063393962666636373130223b613a363a7b733a323a226964223b733a323a223132223b733a333a22717479223b643a323b733a353a227072696365223b643a31353030303b733a343a226e616d65223b733a31323a22426177616e67205075746968223b733a353a22726f776964223b733a33323a226332306164346437366665393737353961613237613063393962666636373130223b733a383a22737562746f74616c223b643a33303030303b7d7d),
('30ilerbb10fp1l4maj9tjoepa50g8l1p', '::1', 1620089883, 0x5f5f63695f6c6173745f726567656e65726174657c693a313632303038393838333b),
('83r9bv8u8s2iq4d8h8gv1m8phd3de8dj', '::1', 1620090237, 0x5f5f63695f6c6173745f726567656e65726174657c693a313632303039303233373b),
('o5n7l9pqrr1t8gr7ka1a5isspb0d1io4', '::1', 1620090625, 0x5f5f63695f6c6173745f726567656e65726174657c693a313632303039303632353b),
('40h80c67r2i2oq8rio19fngiq0rildk3', '::1', 1620090932, 0x5f5f63695f6c6173745f726567656e65726174657c693a313632303039303933323b),
('seacngck084fp5vb7dhfajv0iemgg82k', '::1', 1620091283, 0x5f5f63695f6c6173745f726567656e65726174657c693a313632303039313238333b),
('3qdlv0kgmlchnug91u8jp4bpk69mo29j', '::1', 1620091664, 0x5f5f63695f6c6173745f726567656e65726174657c693a313632303039313636343b),
('1oub7150ea9aqiavujamjfs077j18jk1', '::1', 1620092209, 0x5f5f63695f6c6173745f726567656e65726174657c693a313632303039323230393b636172745f636f6e74656e74737c613a333a7b733a31303a22636172745f746f74616c223b643a34303030303b733a31313a22746f74616c5f6974656d73223b643a313b733a33323a223435633438636365326532643766626465613161666335316337633661643236223b613a363a7b733a323a226964223b733a313a2239223b733a333a22717479223b643a313b733a353a227072696365223b643a34303030303b733a343a226e616d65223b733a343a224170656c223b733a353a22726f776964223b733a33323a223435633438636365326532643766626465613161666335316337633661643236223b733a383a22737562746f74616c223b643a34303030303b7d7d),
('hhbdsf2adjb44ptbdm16mnh8kas84n3q', '::1', 1620092637, 0x5f5f63695f6c6173745f726567656e65726174657c693a313632303039323633373b636172745f636f6e74656e74737c613a343a7b733a31303a22636172745f746f74616c223b643a37303030303b733a31313a22746f74616c5f6974656d73223b643a343b733a33323a223435633438636365326532643766626465613161666335316337633661643236223b613a363a7b733a323a226964223b733a313a2239223b733a333a22717479223b643a313b733a353a227072696365223b643a34303030303b733a343a226e616d65223b733a343a224170656c223b733a353a22726f776964223b733a33323a223435633438636365326532643766626465613161666335316337633661643236223b733a383a22737562746f74616c223b643a34303030303b7d733a33323a223666343932326634353536383136316138636466346164323239396636643233223b613a363a7b733a323a226964223b733a323a223138223b733a333a22717479223b643a333b733a353a227072696365223b643a31303030303b733a343a226e616d65223b733a31313a224a6572756b203530306772223b733a353a22726f776964223b733a33323a223666343932326634353536383136316138636466346164323239396636643233223b733a383a22737562746f74616c223b643a33303030303b7d7d),
('d0fc7d8lkt99v3jq860ea0c0eehfqf4b', '::1', 1620093393, 0x5f5f63695f6c6173745f726567656e65726174657c693a313632303039333339333b636172745f636f6e74656e74737c613a363a7b733a31303a22636172745f746f74616c223b643a3233323030303b733a31313a22746f74616c5f6974656d73223b643a383b733a33323a223435633438636365326532643766626465613161666335316337633661643236223b613a363a7b733a323a226964223b733a313a2239223b733a333a22717479223b643a333b733a353a227072696365223b643a34303030303b733a343a226e616d65223b733a343a224170656c223b733a353a22726f776964223b733a33323a223435633438636365326532643766626465613161666335316337633661643236223b733a383a22737562746f74616c223b643a3132303030303b7d733a33323a223666343932326634353536383136316138636466346164323239396636643233223b613a363a7b733a323a226964223b733a323a223138223b733a333a22717479223b643a333b733a353a227072696365223b643a31303030303b733a343a226e616d65223b733a31313a224a6572756b203530306772223b733a353a22726f776964223b733a33323a223666343932326634353536383136316138636466346164323239396636643233223b733a383a22737562746f74616c223b643a33303030303b7d733a33323a226433643934343638303261343432353937353564333865366431363365383230223b613a363a7b733a323a226964223b733a323a223130223b733a333a22717479223b643a313b733a353a227072696365223b643a31323030303b733a343a226e616d65223b733a31323a22426177616e67204d65726168223b733a353a22726f776964223b733a33323a226433643934343638303261343432353937353564333865366431363365383230223b733a383a22737562746f74616c223b643a31323030303b7d733a33323a226334636134323338613062393233383230646363353039613666373538343962223b613a363a7b733a323a226964223b733a313a2231223b733a333a22717479223b643a313b733a353a227072696365223b643a37303030303b733a343a226e616d65223b733a31303a2253747261776265727279223b733a353a22726f776964223b733a33323a226334636134323338613062393233383230646363353039613666373538343962223b733a383a22737562746f74616c223b643a37303030303b7d7d6f726465725f7175616e746974797c613a343a7b693a393b613a323a7b733a333a22717479223b643a333b733a353a227072696365223b643a34303030303b7d693a31383b613a323a7b733a333a22717479223b643a333b733a353a227072696365223b643a31303030303b7d693a31303b613a323a7b733a333a22717479223b643a313b733a353a227072696365223b643a31323030303b7d693a313b613a323a7b733a333a22717479223b643a313b733a353a227072696365223b643a37303030303b7d7d746f74616c5f70726963657c643a3233323030303b),
('f5d5eiilo97uvfira13j86l30eivjtve', '::1', 1620093802, 0x5f5f63695f6c6173745f726567656e65726174657c693a313632303039333830323b636172745f636f6e74656e74737c613a363a7b733a31303a22636172745f746f74616c223b643a3233323030303b733a31313a22746f74616c5f6974656d73223b643a383b733a33323a223435633438636365326532643766626465613161666335316337633661643236223b613a363a7b733a323a226964223b733a313a2239223b733a333a22717479223b643a333b733a353a227072696365223b643a34303030303b733a343a226e616d65223b733a343a224170656c223b733a353a22726f776964223b733a33323a223435633438636365326532643766626465613161666335316337633661643236223b733a383a22737562746f74616c223b643a3132303030303b7d733a33323a223666343932326634353536383136316138636466346164323239396636643233223b613a363a7b733a323a226964223b733a323a223138223b733a333a22717479223b643a333b733a353a227072696365223b643a31303030303b733a343a226e616d65223b733a31313a224a6572756b203530306772223b733a353a22726f776964223b733a33323a223666343932326634353536383136316138636466346164323239396636643233223b733a383a22737562746f74616c223b643a33303030303b7d733a33323a226433643934343638303261343432353937353564333865366431363365383230223b613a363a7b733a323a226964223b733a323a223130223b733a333a22717479223b643a313b733a353a227072696365223b643a31323030303b733a343a226e616d65223b733a31323a22426177616e67204d65726168223b733a353a22726f776964223b733a33323a226433643934343638303261343432353937353564333865366431363365383230223b733a383a22737562746f74616c223b643a31323030303b7d733a33323a226334636134323338613062393233383230646363353039613666373538343962223b613a363a7b733a323a226964223b733a313a2231223b733a333a22717479223b643a313b733a353a227072696365223b643a37303030303b733a343a226e616d65223b733a31303a2253747261776265727279223b733a353a22726f776964223b733a33323a226334636134323338613062393233383230646363353039613666373538343962223b733a383a22737562746f74616c223b643a37303030303b7d7d6f726465725f7175616e746974797c613a343a7b693a393b613a323a7b733a333a22717479223b643a333b733a353a227072696365223b643a34303030303b7d693a31383b613a323a7b733a333a22717479223b643a333b733a353a227072696365223b643a31303030303b7d693a31303b613a323a7b733a333a22717479223b643a313b733a353a227072696365223b643a31323030303b7d693a313b613a323a7b733a333a22717479223b643a313b733a353a227072696365223b643a37303030303b7d7d746f74616c5f70726963657c643a3233323030303b5f74656d705f636f75706f6e7c4e3b5f74656d705f7175616e746974797c4e3b),
('16hu7f5onsbge7tq8v4vrosvej8p78p4', '::1', 1620095222, 0x5f5f63695f6c6173745f726567656e65726174657c693a313632303039353232323b5f74656d705f636f75706f6e7c4e3b5f74656d705f7175616e746974797c4e3b7265646972656374696f6e7c733a3130303a226148523063446f764c327876593246736147397a64446f344d4467774c3352766132387463324635645849746257467a644756794c326c755a4756344c6e426f6343396a64584e306232316c63693976636d526c636e4d76646d6c6c647938784d773d3d223b),
('45gr6pvb08gvvodtokjlgeh7m4n19osp', '::1', 1620095840, 0x5f5f63695f6c6173745f726567656e65726174657c693a313632303039353834303b5f74656d705f636f75706f6e7c4e3b5f74656d705f7175616e746974797c4e3b7265646972656374696f6e7c4e3b636172745f636f6e74656e74737c613a363a7b733a31303a22636172745f746f74616c223b643a3132393030303b733a31313a22746f74616c5f6974656d73223b643a343b733a33323a226337346439376230316561653235376534346161396435626164653937626166223b613a363a7b733a323a226964223b733a323a223136223b733a333a22717479223b643a313b733a353a227072696365223b643a393030303b733a343a226e616d65223b733a31353a224a616d627520426174752031204b67223b733a353a22726f776964223b733a33323a226337346439376230316561653235376534346161396435626164653937626166223b733a383a22737562746f74616c223b643a393030303b7d733a33323a223435633438636365326532643766626465613161666335316337633661643236223b613a363a7b733a323a226964223b733a313a2239223b733a333a22717479223b643a313b733a353a227072696365223b643a34303030303b733a343a226e616d65223b733a343a224170656c223b733a353a22726f776964223b733a33323a223435633438636365326532643766626465613161666335316337633661643236223b733a383a22737562746f74616c223b643a34303030303b7d733a33323a226334636134323338613062393233383230646363353039613666373538343962223b613a363a7b733a323a226964223b733a313a2231223b733a333a22717479223b643a313b733a353a227072696365223b643a37303030303b733a343a226e616d65223b733a31303a2253747261776265727279223b733a353a22726f776964223b733a33323a226334636134323338613062393233383230646363353039613666373538343962223b733a383a22737562746f74616c223b643a37303030303b7d733a33323a223666343932326634353536383136316138636466346164323239396636643233223b613a363a7b733a323a226964223b733a323a223138223b733a333a22717479223b643a313b733a353a227072696365223b643a31303030303b733a343a226e616d65223b733a31313a224a6572756b203530306772223b733a353a22726f776964223b733a33323a223666343932326634353536383136316138636466346164323239396636643233223b733a383a22737562746f74616c223b643a31303030303b7d7d5f5f4143544956455f53455353494f4e5f444154417c733a3235363a2231353732616535313033386332343262393662383133373534376337616662333036306233366363663166626163623437666263326261653265636335376331383936393735356434363165353562663134373036663436316561626631396261323566386264346136653336346331643863343061626439646266303530632b434a6752572f376470506c77474e4f716568693872314e4d615042595663757542645053313853575356594952354671636a734675484d344a6577742b663865666f416f3136476157494d446b2b6e447239666d4c705679356a61303478394375366b774d736e6d4964506e4c4c7644384d754774356b66596e6e53645268223b),
('b26gh3jkeui69n4mo427l5irp48uuocp', '::1', 1620096166, 0x5f5f63695f6c6173745f726567656e65726174657c693a313632303039363136363b5f74656d705f636f75706f6e7c4e3b5f74656d705f7175616e746974797c4e3b7265646972656374696f6e7c4e3b636172745f636f6e74656e74737c613a363a7b733a31303a22636172745f746f74616c223b643a3132393030303b733a31313a22746f74616c5f6974656d73223b643a343b733a33323a226337346439376230316561653235376534346161396435626164653937626166223b613a363a7b733a323a226964223b733a323a223136223b733a333a22717479223b643a313b733a353a227072696365223b643a393030303b733a343a226e616d65223b733a31353a224a616d627520426174752031204b67223b733a353a22726f776964223b733a33323a226337346439376230316561653235376534346161396435626164653937626166223b733a383a22737562746f74616c223b643a393030303b7d733a33323a223435633438636365326532643766626465613161666335316337633661643236223b613a363a7b733a323a226964223b733a313a2239223b733a333a22717479223b643a313b733a353a227072696365223b643a34303030303b733a343a226e616d65223b733a343a224170656c223b733a353a22726f776964223b733a33323a223435633438636365326532643766626465613161666335316337633661643236223b733a383a22737562746f74616c223b643a34303030303b7d733a33323a226334636134323338613062393233383230646363353039613666373538343962223b613a363a7b733a323a226964223b733a313a2231223b733a333a22717479223b643a313b733a353a227072696365223b643a37303030303b733a343a226e616d65223b733a31303a2253747261776265727279223b733a353a22726f776964223b733a33323a226334636134323338613062393233383230646363353039613666373538343962223b733a383a22737562746f74616c223b643a37303030303b7d733a33323a223666343932326634353536383136316138636466346164323239396636643233223b613a363a7b733a323a226964223b733a323a223138223b733a333a22717479223b643a313b733a353a227072696365223b643a31303030303b733a343a226e616d65223b733a31313a224a6572756b203530306772223b733a353a22726f776964223b733a33323a223666343932326634353536383136316138636466346164323239396636643233223b733a383a22737562746f74616c223b643a31303030303b7d7d5f5f4143544956455f53455353494f4e5f444154417c733a3235363a2231353732616535313033386332343262393662383133373534376337616662333036306233366363663166626163623437666263326261653265636335376331383936393735356434363165353562663134373036663436316561626631396261323566386264346136653336346331643863343061626439646266303530632b434a6752572f376470506c77474e4f716568693872314e4d615042595663757542645053313853575356594952354671636a734675484d344a6577742b663865666f416f3136476157494d446b2b6e447239666d4c705679356a61303478394375366b774d736e6d4964506e4c4c7644384d754774356b66596e6e53645268223b),
('rj28uh9n7me9vdlphqkq5hikcac5h8uk', '::1', 1620096474, 0x5f5f63695f6c6173745f726567656e65726174657c693a313632303039363437343b5f74656d705f636f75706f6e7c4e3b5f74656d705f7175616e746974797c4e3b7265646972656374696f6e7c4e3b636172745f636f6e74656e74737c613a363a7b733a31303a22636172745f746f74616c223b643a3132393030303b733a31313a22746f74616c5f6974656d73223b643a343b733a33323a226337346439376230316561653235376534346161396435626164653937626166223b613a363a7b733a323a226964223b733a323a223136223b733a333a22717479223b643a313b733a353a227072696365223b643a393030303b733a343a226e616d65223b733a31353a224a616d627520426174752031204b67223b733a353a22726f776964223b733a33323a226337346439376230316561653235376534346161396435626164653937626166223b733a383a22737562746f74616c223b643a393030303b7d733a33323a223435633438636365326532643766626465613161666335316337633661643236223b613a363a7b733a323a226964223b733a313a2239223b733a333a22717479223b643a313b733a353a227072696365223b643a34303030303b733a343a226e616d65223b733a343a224170656c223b733a353a22726f776964223b733a33323a223435633438636365326532643766626465613161666335316337633661643236223b733a383a22737562746f74616c223b643a34303030303b7d733a33323a226334636134323338613062393233383230646363353039613666373538343962223b613a363a7b733a323a226964223b733a313a2231223b733a333a22717479223b643a313b733a353a227072696365223b643a37303030303b733a343a226e616d65223b733a31303a2253747261776265727279223b733a353a22726f776964223b733a33323a226334636134323338613062393233383230646363353039613666373538343962223b733a383a22737562746f74616c223b643a37303030303b7d733a33323a223666343932326634353536383136316138636466346164323239396636643233223b613a363a7b733a323a226964223b733a323a223138223b733a333a22717479223b643a313b733a353a227072696365223b643a31303030303b733a343a226e616d65223b733a31313a224a6572756b203530306772223b733a353a22726f776964223b733a33323a223666343932326634353536383136316138636466346164323239396636643233223b733a383a22737562746f74616c223b643a31303030303b7d7d5f5f4143544956455f53455353494f4e5f444154417c733a3235363a2231353732616535313033386332343262393662383133373534376337616662333036306233366363663166626163623437666263326261653265636335376331383936393735356434363165353562663134373036663436316561626631396261323566386264346136653336346331643863343061626439646266303530632b434a6752572f376470506c77474e4f716568693872314e4d615042595663757542645053313853575356594952354671636a734675484d344a6577742b663865666f416f3136476157494d446b2b6e447239666d4c705679356a61303478394375366b774d736e6d4964506e4c4c7644384d754774356b66596e6e53645268223b),
('3ih663e8qvueu6ushph6gn562b03kbki', '::1', 1620096857, 0x5f5f63695f6c6173745f726567656e65726174657c693a313632303039363835373b5f74656d705f636f75706f6e7c4e3b5f74656d705f7175616e746974797c4e3b7265646972656374696f6e7c4e3b636172745f636f6e74656e74737c613a363a7b733a31303a22636172745f746f74616c223b643a3132393030303b733a31313a22746f74616c5f6974656d73223b643a343b733a33323a226337346439376230316561653235376534346161396435626164653937626166223b613a363a7b733a323a226964223b733a323a223136223b733a333a22717479223b643a313b733a353a227072696365223b643a393030303b733a343a226e616d65223b733a31353a224a616d627520426174752031204b67223b733a353a22726f776964223b733a33323a226337346439376230316561653235376534346161396435626164653937626166223b733a383a22737562746f74616c223b643a393030303b7d733a33323a223435633438636365326532643766626465613161666335316337633661643236223b613a363a7b733a323a226964223b733a313a2239223b733a333a22717479223b643a313b733a353a227072696365223b643a34303030303b733a343a226e616d65223b733a343a224170656c223b733a353a22726f776964223b733a33323a223435633438636365326532643766626465613161666335316337633661643236223b733a383a22737562746f74616c223b643a34303030303b7d733a33323a226334636134323338613062393233383230646363353039613666373538343962223b613a363a7b733a323a226964223b733a313a2231223b733a333a22717479223b643a313b733a353a227072696365223b643a37303030303b733a343a226e616d65223b733a31303a2253747261776265727279223b733a353a22726f776964223b733a33323a226334636134323338613062393233383230646363353039613666373538343962223b733a383a22737562746f74616c223b643a37303030303b7d733a33323a223666343932326634353536383136316138636466346164323239396636643233223b613a363a7b733a323a226964223b733a323a223138223b733a333a22717479223b643a313b733a353a227072696365223b643a31303030303b733a343a226e616d65223b733a31313a224a6572756b203530306772223b733a353a22726f776964223b733a33323a223666343932326634353536383136316138636466346164323239396636643233223b733a383a22737562746f74616c223b643a31303030303b7d7d5f5f4143544956455f53455353494f4e5f444154417c733a3235363a2231353732616535313033386332343262393662383133373534376337616662333036306233366363663166626163623437666263326261653265636335376331383936393735356434363165353562663134373036663436316561626631396261323566386264346136653336346331643863343061626439646266303530632b434a6752572f376470506c77474e4f716568693872314e4d615042595663757542645053313853575356594952354671636a734675484d344a6577742b663865666f416f3136476157494d446b2b6e447239666d4c705679356a61303478394375366b774d736e6d4964506e4c4c7644384d754774356b66596e6e53645268223b),
('jp0g3gtqtok6gcvbehcc4rrl190ukjee', '::1', 1620097502, 0x5f5f63695f6c6173745f726567656e65726174657c693a313632303039373530323b5f74656d705f636f75706f6e7c4e3b5f74656d705f7175616e746974797c4e3b7265646972656374696f6e7c4e3b636172745f636f6e74656e74737c613a363a7b733a31303a22636172745f746f74616c223b643a3132393030303b733a31313a22746f74616c5f6974656d73223b643a343b733a33323a226337346439376230316561653235376534346161396435626164653937626166223b613a363a7b733a323a226964223b733a323a223136223b733a333a22717479223b643a313b733a353a227072696365223b643a393030303b733a343a226e616d65223b733a31353a224a616d627520426174752031204b67223b733a353a22726f776964223b733a33323a226337346439376230316561653235376534346161396435626164653937626166223b733a383a22737562746f74616c223b643a393030303b7d733a33323a223435633438636365326532643766626465613161666335316337633661643236223b613a363a7b733a323a226964223b733a313a2239223b733a333a22717479223b643a313b733a353a227072696365223b643a34303030303b733a343a226e616d65223b733a343a224170656c223b733a353a22726f776964223b733a33323a223435633438636365326532643766626465613161666335316337633661643236223b733a383a22737562746f74616c223b643a34303030303b7d733a33323a226334636134323338613062393233383230646363353039613666373538343962223b613a363a7b733a323a226964223b733a313a2231223b733a333a22717479223b643a313b733a353a227072696365223b643a37303030303b733a343a226e616d65223b733a31303a2253747261776265727279223b733a353a22726f776964223b733a33323a226334636134323338613062393233383230646363353039613666373538343962223b733a383a22737562746f74616c223b643a37303030303b7d733a33323a223666343932326634353536383136316138636466346164323239396636643233223b613a363a7b733a323a226964223b733a323a223138223b733a333a22717479223b643a313b733a353a227072696365223b643a31303030303b733a343a226e616d65223b733a31313a224a6572756b203530306772223b733a353a22726f776964223b733a33323a223666343932326634353536383136316138636466346164323239396636643233223b733a383a22737562746f74616c223b643a31303030303b7d7d5f5f4143544956455f53455353494f4e5f444154417c733a3235363a2231353732616535313033386332343262393662383133373534376337616662333036306233366363663166626163623437666263326261653265636335376331383936393735356434363165353562663134373036663436316561626631396261323566386264346136653336346331643863343061626439646266303530632b434a6752572f376470506c77474e4f716568693872314e4d615042595663757542645053313853575356594952354671636a734675484d344a6577742b663865666f416f3136476157494d446b2b6e447239666d4c705679356a61303478394375366b774d736e6d4964506e4c4c7644384d754774356b66596e6e53645268223b),
('gfubasjjl53bntoc264j3f9iu7mf4dqa', '::1', 1620098140, 0x5f5f63695f6c6173745f726567656e65726174657c693a313632303039383134303b5f74656d705f636f75706f6e7c4e3b5f74656d705f7175616e746974797c4e3b7265646972656374696f6e7c4e3b636172745f636f6e74656e74737c613a363a7b733a31303a22636172745f746f74616c223b643a3132393030303b733a31313a22746f74616c5f6974656d73223b643a343b733a33323a226337346439376230316561653235376534346161396435626164653937626166223b613a363a7b733a323a226964223b733a323a223136223b733a333a22717479223b643a313b733a353a227072696365223b643a393030303b733a343a226e616d65223b733a31353a224a616d627520426174752031204b67223b733a353a22726f776964223b733a33323a226337346439376230316561653235376534346161396435626164653937626166223b733a383a22737562746f74616c223b643a393030303b7d733a33323a223435633438636365326532643766626465613161666335316337633661643236223b613a363a7b733a323a226964223b733a313a2239223b733a333a22717479223b643a313b733a353a227072696365223b643a34303030303b733a343a226e616d65223b733a343a224170656c223b733a353a22726f776964223b733a33323a223435633438636365326532643766626465613161666335316337633661643236223b733a383a22737562746f74616c223b643a34303030303b7d733a33323a226334636134323338613062393233383230646363353039613666373538343962223b613a363a7b733a323a226964223b733a313a2231223b733a333a22717479223b643a313b733a353a227072696365223b643a37303030303b733a343a226e616d65223b733a31303a2253747261776265727279223b733a353a22726f776964223b733a33323a226334636134323338613062393233383230646363353039613666373538343962223b733a383a22737562746f74616c223b643a37303030303b7d733a33323a223666343932326634353536383136316138636466346164323239396636643233223b613a363a7b733a323a226964223b733a323a223138223b733a333a22717479223b643a313b733a353a227072696365223b643a31303030303b733a343a226e616d65223b733a31313a224a6572756b203530306772223b733a353a22726f776964223b733a33323a223666343932326634353536383136316138636466346164323239396636643233223b733a383a22737562746f74616c223b643a31303030303b7d7d5f5f4143544956455f53455353494f4e5f444154417c733a3235363a2231353732616535313033386332343262393662383133373534376337616662333036306233366363663166626163623437666263326261653265636335376331383936393735356434363165353562663134373036663436316561626631396261323566386264346136653336346331643863343061626439646266303530632b434a6752572f376470506c77474e4f716568693872314e4d615042595663757542645053313853575356594952354671636a734675484d344a6577742b663865666f416f3136476157494d446b2b6e447239666d4c705679356a61303478394375366b774d736e6d4964506e4c4c7644384d754774356b66596e6e53645268223b),
('k48n0ufv0l6abtqbsmkqevmt1psm50uh', '::1', 1620098335, 0x5f5f63695f6c6173745f726567656e65726174657c693a313632303039383134303b7265646972656374696f6e7c733a3130303a226148523063446f764c327876593246736147397a64446f344d4467774c3352766132387463324635645849746257467a644756794c326c755a4756344c6e426f6343396a64584e306232316c63693976636d526c636e4d76646d6c6c647938784e413d3d223b5f74656d705f636f75706f6e7c4e3b5f74656d705f7175616e746974797c4e3b),
('u2j43mtko5ljkalb3opi9cismqqqjsce', '::1', 1620159666, 0x5f5f63695f6c6173745f726567656e65726174657c693a313632303135393636363b),
('ph1msf5a2d9av1e9s0p52r5mjrur2feh', '::1', 1620159995, 0x5f5f63695f6c6173745f726567656e65726174657c693a313632303135393939353b636172745f636f6e74656e74737c613a353a7b733a31303a22636172745f746f74616c223b643a3237303030303b733a31313a22746f74616c5f6974656d73223b643a31333b733a33323a223435633438636365326532643766626465613161666335316337633661643236223b613a363a7b733a323a226964223b733a313a2239223b733a333a22717479223b643a313b733a353a227072696365223b643a34303030303b733a343a226e616d65223b733a343a224170656c223b733a353a22726f776964223b733a33323a223435633438636365326532643766626465613161666335316337633661643236223b733a383a22737562746f74616c223b643a34303030303b7d733a33323a226337346439376230316561653235376534346161396435626164653937626166223b613a363a7b733a323a226964223b733a323a223136223b733a333a22717479223b643a31303b733a353a227072696365223b643a393030303b733a343a226e616d65223b733a31353a224a616d627520426174752031204b67223b733a353a22726f776964223b733a33323a226337346439376230316561653235376534346161396435626164653937626166223b733a383a22737562746f74616c223b643a39303030303b7d733a33323a226334636134323338613062393233383230646363353039613666373538343962223b613a363a7b733a323a226964223b733a313a2231223b733a333a22717479223b643a323b733a353a227072696365223b643a37303030303b733a343a226e616d65223b733a31303a2253747261776265727279223b733a353a22726f776964223b733a33323a226334636134323338613062393233383230646363353039613666373538343962223b733a383a22737562746f74616c223b643a3134303030303b7d7d6f726465725f7175616e746974797c613a333a7b693a393b613a323a7b733a333a22717479223b643a313b733a353a227072696365223b643a34303030303b7d693a31363b613a323a7b733a333a22717479223b643a31303b733a353a227072696365223b643a393030303b7d693a313b613a323a7b733a333a22717479223b643a323b733a353a227072696365223b643a37303030303b7d7d746f74616c5f70726963657c643a3237303030303b),
('blsmavtc76nun928k4hhbgkkf6niq7qg', '::1', 1620160171, 0x5f5f63695f6c6173745f726567656e65726174657c693a313632303135393939353b636172745f636f6e74656e74737c613a353a7b733a31303a22636172745f746f74616c223b643a3135393030303b733a31313a22746f74616c5f6974656d73223b643a343b733a33323a223435633438636365326532643766626465613161666335316337633661643236223b613a363a7b733a323a226964223b733a313a2239223b733a333a22717479223b643a323b733a353a227072696365223b643a34303030303b733a343a226e616d65223b733a343a224170656c223b733a353a22726f776964223b733a33323a223435633438636365326532643766626465613161666335316337633661643236223b733a383a22737562746f74616c223b643a38303030303b7d733a33323a226337346439376230316561653235376534346161396435626164653937626166223b613a363a7b733a323a226964223b733a323a223136223b733a333a22717479223b643a313b733a353a227072696365223b643a393030303b733a343a226e616d65223b733a31353a224a616d627520426174752031204b67223b733a353a22726f776964223b733a33323a226337346439376230316561653235376534346161396435626164653937626166223b733a383a22737562746f74616c223b643a393030303b7d733a33323a226334636134323338613062393233383230646363353039613666373538343962223b613a363a7b733a323a226964223b733a313a2231223b733a333a22717479223b643a313b733a353a227072696365223b643a37303030303b733a343a226e616d65223b733a31303a2253747261776265727279223b733a353a22726f776964223b733a33323a226334636134323338613062393233383230646363353039613666373538343962223b733a383a22737562746f74616c223b643a37303030303b7d7d6f726465725f7175616e746974797c613a333a7b693a393b613a323a7b733a333a22717479223b643a323b733a353a227072696365223b643a34303030303b7d693a31363b613a323a7b733a333a22717479223b643a313b733a353a227072696365223b643a393030303b7d693a313b613a323a7b733a333a22717479223b643a313b733a353a227072696365223b643a37303030303b7d7d746f74616c5f70726963657c643a3135393030303b),
('usclnppia2mb9oukcqk3nph73chtakl8', '::1', 1620175095, 0x5f5f63695f6c6173745f726567656e65726174657c693a313632303137353039353b636172745f636f6e74656e74737c613a363a7b733a31303a22636172745f746f74616c223b643a37363030303b733a31313a22746f74616c5f6974656d73223b643a343b733a33323a223435633438636365326532643766626465613161666335316337633661643236223b613a363a7b733a323a226964223b733a313a2239223b733a333a22717479223b643a313b733a353a227072696365223b643a34303030303b733a343a226e616d65223b733a343a224170656c223b733a353a22726f776964223b733a33323a223435633438636365326532643766626465613161666335316337633661643236223b733a383a22737562746f74616c223b643a34303030303b7d733a33323a226337346439376230316561653235376534346161396435626164653937626166223b613a363a7b733a323a226964223b733a323a223136223b733a333a22717479223b643a313b733a353a227072696365223b643a393030303b733a343a226e616d65223b733a31353a224a616d627520426174752031204b67223b733a353a22726f776964223b733a33323a226337346439376230316561653235376534346161396435626164653937626166223b733a383a22737562746f74616c223b643a393030303b7d733a33323a226433643934343638303261343432353937353564333865366431363365383230223b613a363a7b733a323a226964223b733a323a223130223b733a333a22717479223b643a313b733a353a227072696365223b643a31323030303b733a343a226e616d65223b733a31323a22426177616e67204d65726168223b733a353a22726f776964223b733a33323a226433643934343638303261343432353937353564333865366431363365383230223b733a383a22737562746f74616c223b643a31323030303b7d733a33323a226332306164346437366665393737353961613237613063393962666636373130223b613a363a7b733a323a226964223b733a323a223132223b733a333a22717479223b643a313b733a353a227072696365223b643a31353030303b733a343a226e616d65223b733a31323a22426177616e67205075746968223b733a353a22726f776964223b733a33323a226332306164346437366665393737353961613237613063393962666636373130223b733a383a22737562746f74616c223b643a31353030303b7d7d6f726465725f7175616e746974797c613a343a7b693a393b613a323a7b733a333a22717479223b643a313b733a353a227072696365223b643a34303030303b7d693a31363b613a323a7b733a333a22717479223b643a313b733a353a227072696365223b643a393030303b7d693a31303b613a323a7b733a333a22717479223b643a313b733a353a227072696365223b643a31323030303b7d693a31323b613a323a7b733a333a22717479223b643a313b733a353a227072696365223b643a31353030303b7d7d746f74616c5f70726963657c643a37363030303b);
INSERT INTO `ci_sessions` (`id`, `ip_address`, `timestamp`, `data`) VALUES
('9ssvfk65m0r4cvt31he1c05ff5kv2nk1', '::1', 1620175413, 0x5f5f63695f6c6173745f726567656e65726174657c693a313632303137353431333b636172745f636f6e74656e74737c613a363a7b733a31303a22636172745f746f74616c223b643a37363030303b733a31313a22746f74616c5f6974656d73223b643a343b733a33323a223435633438636365326532643766626465613161666335316337633661643236223b613a363a7b733a323a226964223b733a313a2239223b733a333a22717479223b643a313b733a353a227072696365223b643a34303030303b733a343a226e616d65223b733a343a224170656c223b733a353a22726f776964223b733a33323a223435633438636365326532643766626465613161666335316337633661643236223b733a383a22737562746f74616c223b643a34303030303b7d733a33323a226337346439376230316561653235376534346161396435626164653937626166223b613a363a7b733a323a226964223b733a323a223136223b733a333a22717479223b643a313b733a353a227072696365223b643a393030303b733a343a226e616d65223b733a31353a224a616d627520426174752031204b67223b733a353a22726f776964223b733a33323a226337346439376230316561653235376534346161396435626164653937626166223b733a383a22737562746f74616c223b643a393030303b7d733a33323a226433643934343638303261343432353937353564333865366431363365383230223b613a363a7b733a323a226964223b733a323a223130223b733a333a22717479223b643a313b733a353a227072696365223b643a31323030303b733a343a226e616d65223b733a31323a22426177616e67204d65726168223b733a353a22726f776964223b733a33323a226433643934343638303261343432353937353564333865366431363365383230223b733a383a22737562746f74616c223b643a31323030303b7d733a33323a226332306164346437366665393737353961613237613063393962666636373130223b613a363a7b733a323a226964223b733a323a223132223b733a333a22717479223b643a313b733a353a227072696365223b643a31353030303b733a343a226e616d65223b733a31323a22426177616e67205075746968223b733a353a22726f776964223b733a33323a226332306164346437366665393737353961613237613063393962666636373130223b733a383a22737562746f74616c223b643a31353030303b7d7d6f726465725f7175616e746974797c613a343a7b693a393b613a323a7b733a333a22717479223b643a313b733a353a227072696365223b643a34303030303b7d693a31363b613a323a7b733a333a22717479223b643a313b733a353a227072696365223b643a393030303b7d693a31303b613a323a7b733a333a22717479223b643a313b733a353a227072696365223b643a31323030303b7d693a31323b613a323a7b733a333a22717479223b643a313b733a353a227072696365223b643a31353030303b7d7d746f74616c5f70726963657c643a37363030303b),
('2jbk6m9729objcda8f8ngat28mm518im', '::1', 1620175845, 0x5f5f63695f6c6173745f726567656e65726174657c693a313632303137353834353b636172745f636f6e74656e74737c613a363a7b733a31303a22636172745f746f74616c223b643a37363030303b733a31313a22746f74616c5f6974656d73223b643a343b733a33323a223435633438636365326532643766626465613161666335316337633661643236223b613a363a7b733a323a226964223b733a313a2239223b733a333a22717479223b643a313b733a353a227072696365223b643a34303030303b733a343a226e616d65223b733a343a224170656c223b733a353a22726f776964223b733a33323a223435633438636365326532643766626465613161666335316337633661643236223b733a383a22737562746f74616c223b643a34303030303b7d733a33323a226337346439376230316561653235376534346161396435626164653937626166223b613a363a7b733a323a226964223b733a323a223136223b733a333a22717479223b643a313b733a353a227072696365223b643a393030303b733a343a226e616d65223b733a31353a224a616d627520426174752031204b67223b733a353a22726f776964223b733a33323a226337346439376230316561653235376534346161396435626164653937626166223b733a383a22737562746f74616c223b643a393030303b7d733a33323a226433643934343638303261343432353937353564333865366431363365383230223b613a363a7b733a323a226964223b733a323a223130223b733a333a22717479223b643a313b733a353a227072696365223b643a31323030303b733a343a226e616d65223b733a31323a22426177616e67204d65726168223b733a353a22726f776964223b733a33323a226433643934343638303261343432353937353564333865366431363365383230223b733a383a22737562746f74616c223b643a31323030303b7d733a33323a226332306164346437366665393737353961613237613063393962666636373130223b613a363a7b733a323a226964223b733a323a223132223b733a333a22717479223b643a313b733a353a227072696365223b643a31353030303b733a343a226e616d65223b733a31323a22426177616e67205075746968223b733a353a22726f776964223b733a33323a226332306164346437366665393737353961613237613063393962666636373130223b733a383a22737562746f74616c223b643a31353030303b7d7d6f726465725f7175616e746974797c613a343a7b693a393b613a323a7b733a333a22717479223b643a313b733a353a227072696365223b643a34303030303b7d693a31363b613a323a7b733a333a22717479223b643a313b733a353a227072696365223b643a393030303b7d693a31303b613a323a7b733a333a22717479223b643a313b733a353a227072696365223b643a31323030303b7d693a31323b613a323a7b733a333a22717479223b643a313b733a353a227072696365223b643a31353030303b7d7d746f74616c5f70726963657c643a37363030303b),
('2i1lvmp0207onqf1d4negq0ikhnpea5k', '::1', 1620179110, 0x5f5f63695f6c6173745f726567656e65726174657c693a313632303137393131303b5f74656d705f636f75706f6e7c4e3b5f74656d705f7175616e746974797c4e3b),
('e270drltrij6hfuma8c099ohrnd5vhq3', '::1', 1620180014, 0x5f5f63695f6c6173745f726567656e65726174657c693a313632303138303031343b5f74656d705f636f75706f6e7c4e3b5f74656d705f7175616e746974797c4e3b),
('a045jp76qcoisv5qluhtps5p037r6ocp', '::1', 1620180331, 0x5f5f63695f6c6173745f726567656e65726174657c693a313632303138303333313b5f74656d705f636f75706f6e7c4e3b5f74656d705f7175616e746974797c4e3b),
('buq1s3sjq0qhee5ojudhq7tht1qk4njm', '::1', 1620180688, 0x5f5f63695f6c6173745f726567656e65726174657c693a313632303138303638383b5f74656d705f636f75706f6e7c4e3b5f74656d705f7175616e746974797c4e3b),
('l3pmj3p107gi6r8ll7d2l3oep4bkv55m', '::1', 1620181003, 0x5f5f63695f6c6173745f726567656e65726174657c693a313632303138313030333b5f74656d705f636f75706f6e7c4e3b5f74656d705f7175616e746974797c4e3b),
('54gf9jn54pjnf6nn45c8032n11jup76j', '::1', 1620181585, 0x5f5f63695f6c6173745f726567656e65726174657c693a313632303138313538353b5f74656d705f636f75706f6e7c4e3b5f74656d705f7175616e746974797c4e3b),
('a4uo72d9m53re264tseb5n38djbuhm23', '::1', 1620185756, 0x5f5f63695f6c6173745f726567656e65726174657c693a313632303138353735363b5f74656d705f636f75706f6e7c4e3b5f74656d705f7175616e746974797c4e3b),
('q1d126bdc9ba9j0sq0988m6h2be2t5p8', '::1', 1620185881, 0x5f5f63695f6c6173745f726567656e65726174657c693a313632303138353735363b5f74656d705f636f75706f6e7c4e3b5f74656d705f7175616e746974797c4e3b),
('61frak3rmuc8bs29lsuhje07vcmi2iui', '::1', 1620234837, 0x5f5f63695f6c6173745f726567656e65726174657c693a313632303233343833373b7265646972656374696f6e7c4e3b5f5f4143544956455f53455353494f4e5f444154417c733a3235363a2232323666363539613136363738316134386138623663656665613830626535613265323434656633333635616139383332363462393064393330666532613938623236663163326133343835313463353862616230393663333639626261323465323862383365383932623530366661343639636234663735386233643761614e2b2f6c622b466b5833364e5357565a47735a2b52776e3041426a353542524b4c2f782f714a64384a4a7a4b37666278445974454e6e4c4c78765734645a715a6b5752637a57786c4a4d71592b726d76456851395848304c4863616344465966434a696e2b4f514b6f4f6c742f3854736e35366367474674504b4a50426f4c2f223b636172745f636f6e74656e74737c613a333a7b733a31303a22636172745f746f74616c223b643a3238303030303b733a31313a22746f74616c5f6974656d73223b643a343b733a33323a226334636134323338613062393233383230646363353039613666373538343962223b613a363a7b733a323a226964223b733a313a2231223b733a333a22717479223b643a343b733a353a227072696365223b643a37303030303b733a343a226e616d65223b733a31303a2253747261776265727279223b733a353a22726f776964223b733a33323a226334636134323338613062393233383230646363353039613666373538343962223b733a383a22737562746f74616c223b643a3238303030303b7d7d),
('nur2kaghe1ae3227o3ffdcgfrhhlajpp', '::1', 1620235171, 0x5f5f63695f6c6173745f726567656e65726174657c693a313632303233353137313b7265646972656374696f6e7c4e3b5f5f4143544956455f53455353494f4e5f444154417c733a3235363a2232323666363539613136363738316134386138623663656665613830626535613265323434656633333635616139383332363462393064393330666532613938623236663163326133343835313463353862616230393663333639626261323465323862383365383932623530366661343639636234663735386233643761614e2b2f6c622b466b5833364e5357565a47735a2b52776e3041426a353542524b4c2f782f714a64384a4a7a4b37666278445974454e6e4c4c78765734645a715a6b5752637a57786c4a4d71592b726d76456851395848304c4863616344465966434a696e2b4f514b6f4f6c742f3854736e35366367474674504b4a50426f4c2f223b636172745f636f6e74656e74737c613a333a7b733a31303a22636172745f746f74616c223b643a3238303030303b733a31313a22746f74616c5f6974656d73223b643a343b733a33323a226334636134323338613062393233383230646363353039613666373538343962223b613a363a7b733a323a226964223b733a313a2231223b733a333a22717479223b643a343b733a353a227072696365223b643a37303030303b733a343a226e616d65223b733a31303a2253747261776265727279223b733a353a22726f776964223b733a33323a226334636134323338613062393233383230646363353039613666373538343962223b733a383a22737562746f74616c223b643a3238303030303b7d7d),
('mmou88nmn3sh6cc09ueba8fh5bor44np', '::1', 1620235485, 0x5f5f63695f6c6173745f726567656e65726174657c693a313632303233353438353b7265646972656374696f6e7c4e3b5f5f4143544956455f53455353494f4e5f444154417c733a3235363a2232323666363539613136363738316134386138623663656665613830626535613265323434656633333635616139383332363462393064393330666532613938623236663163326133343835313463353862616230393663333639626261323465323862383365383932623530366661343639636234663735386233643761614e2b2f6c622b466b5833364e5357565a47735a2b52776e3041426a353542524b4c2f782f714a64384a4a7a4b37666278445974454e6e4c4c78765734645a715a6b5752637a57786c4a4d71592b726d76456851395848304c4863616344465966434a696e2b4f514b6f4f6c742f3854736e35366367474674504b4a50426f4c2f223b636172745f636f6e74656e74737c613a333a7b733a31303a22636172745f746f74616c223b643a3238303030303b733a31313a22746f74616c5f6974656d73223b643a343b733a33323a226334636134323338613062393233383230646363353039613666373538343962223b613a363a7b733a323a226964223b733a313a2231223b733a333a22717479223b643a343b733a353a227072696365223b643a37303030303b733a343a226e616d65223b733a31303a2253747261776265727279223b733a353a22726f776964223b733a33323a226334636134323338613062393233383230646363353039613666373538343962223b733a383a22737562746f74616c223b643a3238303030303b7d7d),
('9ih48u28qj6r2g5br4crf3rd14foii4f', '::1', 1620235794, 0x5f5f63695f6c6173745f726567656e65726174657c693a313632303233353739343b7265646972656374696f6e7c4e3b5f5f4143544956455f53455353494f4e5f444154417c733a3235363a2232323666363539613136363738316134386138623663656665613830626535613265323434656633333635616139383332363462393064393330666532613938623236663163326133343835313463353862616230393663333639626261323465323862383365383932623530366661343639636234663735386233643761614e2b2f6c622b466b5833364e5357565a47735a2b52776e3041426a353542524b4c2f782f714a64384a4a7a4b37666278445974454e6e4c4c78765734645a715a6b5752637a57786c4a4d71592b726d76456851395848304c4863616344465966434a696e2b4f514b6f4f6c742f3854736e35366367474674504b4a50426f4c2f223b636172745f636f6e74656e74737c613a333a7b733a31303a22636172745f746f74616c223b643a3238303030303b733a31313a22746f74616c5f6974656d73223b643a343b733a33323a226334636134323338613062393233383230646363353039613666373538343962223b613a363a7b733a323a226964223b733a313a2231223b733a333a22717479223b643a343b733a353a227072696365223b643a37303030303b733a343a226e616d65223b733a31303a2253747261776265727279223b733a353a22726f776964223b733a33323a226334636134323338613062393233383230646363353039613666373538343962223b733a383a22737562746f74616c223b643a3238303030303b7d7d),
('6bli21m016vq4l3cv7i181bgg5ca4ud4', '::1', 1620236211, 0x5f5f63695f6c6173745f726567656e65726174657c693a313632303233363231313b7265646972656374696f6e7c4e3b5f5f4143544956455f53455353494f4e5f444154417c733a3235363a2232323666363539613136363738316134386138623663656665613830626535613265323434656633333635616139383332363462393064393330666532613938623236663163326133343835313463353862616230393663333639626261323465323862383365383932623530366661343639636234663735386233643761614e2b2f6c622b466b5833364e5357565a47735a2b52776e3041426a353542524b4c2f782f714a64384a4a7a4b37666278445974454e6e4c4c78765734645a715a6b5752637a57786c4a4d71592b726d76456851395848304c4863616344465966434a696e2b4f514b6f4f6c742f3854736e35366367474674504b4a50426f4c2f223b636172745f636f6e74656e74737c613a333a7b733a31303a22636172745f746f74616c223b643a3238303030303b733a31313a22746f74616c5f6974656d73223b643a343b733a33323a226334636134323338613062393233383230646363353039613666373538343962223b613a363a7b733a323a226964223b733a313a2231223b733a333a22717479223b643a343b733a353a227072696365223b643a37303030303b733a343a226e616d65223b733a31303a2253747261776265727279223b733a353a22726f776964223b733a33323a226334636134323338613062393233383230646363353039613666373538343962223b733a383a22737562746f74616c223b643a3238303030303b7d7d),
('kqd3fv7fc311hqceg0t2gpl0217a3p6p', '::1', 1620236517, 0x5f5f63695f6c6173745f726567656e65726174657c693a313632303233363531373b7265646972656374696f6e7c4e3b5f5f4143544956455f53455353494f4e5f444154417c733a3235363a2232323666363539613136363738316134386138623663656665613830626535613265323434656633333635616139383332363462393064393330666532613938623236663163326133343835313463353862616230393663333639626261323465323862383365383932623530366661343639636234663735386233643761614e2b2f6c622b466b5833364e5357565a47735a2b52776e3041426a353542524b4c2f782f714a64384a4a7a4b37666278445974454e6e4c4c78765734645a715a6b5752637a57786c4a4d71592b726d76456851395848304c4863616344465966434a696e2b4f514b6f4f6c742f3854736e35366367474674504b4a50426f4c2f223b636172745f636f6e74656e74737c613a333a7b733a31303a22636172745f746f74616c223b643a3238303030303b733a31313a22746f74616c5f6974656d73223b643a343b733a33323a226334636134323338613062393233383230646363353039613666373538343962223b613a363a7b733a323a226964223b733a313a2231223b733a333a22717479223b643a343b733a353a227072696365223b643a37303030303b733a343a226e616d65223b733a31303a2253747261776265727279223b733a353a22726f776964223b733a33323a226334636134323338613062393233383230646363353039613666373538343962223b733a383a22737562746f74616c223b643a3238303030303b7d7d),
('109cdgjuil90rc97oepd7j0ajj62rhk4', '::1', 1620236834, 0x5f5f63695f6c6173745f726567656e65726174657c693a313632303233363833343b7265646972656374696f6e7c4e3b5f5f4143544956455f53455353494f4e5f444154417c733a3235363a2232323666363539613136363738316134386138623663656665613830626535613265323434656633333635616139383332363462393064393330666532613938623236663163326133343835313463353862616230393663333639626261323465323862383365383932623530366661343639636234663735386233643761614e2b2f6c622b466b5833364e5357565a47735a2b52776e3041426a353542524b4c2f782f714a64384a4a7a4b37666278445974454e6e4c4c78765734645a715a6b5752637a57786c4a4d71592b726d76456851395848304c4863616344465966434a696e2b4f514b6f4f6c742f3854736e35366367474674504b4a50426f4c2f223b636172745f636f6e74656e74737c613a333a7b733a31303a22636172745f746f74616c223b643a3238303030303b733a31313a22746f74616c5f6974656d73223b643a343b733a33323a226334636134323338613062393233383230646363353039613666373538343962223b613a363a7b733a323a226964223b733a313a2231223b733a333a22717479223b643a343b733a353a227072696365223b643a37303030303b733a343a226e616d65223b733a31303a2253747261776265727279223b733a353a22726f776964223b733a33323a226334636134323338613062393233383230646363353039613666373538343962223b733a383a22737562746f74616c223b643a3238303030303b7d7d),
('pplhnpm6a3ks9i8kgb5augah09jl422e', '::1', 1620237155, 0x5f5f63695f6c6173745f726567656e65726174657c693a313632303233373135353b7265646972656374696f6e7c4e3b5f5f4143544956455f53455353494f4e5f444154417c733a3235363a2232323666363539613136363738316134386138623663656665613830626535613265323434656633333635616139383332363462393064393330666532613938623236663163326133343835313463353862616230393663333639626261323465323862383365383932623530366661343639636234663735386233643761614e2b2f6c622b466b5833364e5357565a47735a2b52776e3041426a353542524b4c2f782f714a64384a4a7a4b37666278445974454e6e4c4c78765734645a715a6b5752637a57786c4a4d71592b726d76456851395848304c4863616344465966434a696e2b4f514b6f4f6c742f3854736e35366367474674504b4a50426f4c2f223b636172745f636f6e74656e74737c613a333a7b733a31303a22636172745f746f74616c223b643a3238303030303b733a31313a22746f74616c5f6974656d73223b643a343b733a33323a226334636134323338613062393233383230646363353039613666373538343962223b613a363a7b733a323a226964223b733a313a2231223b733a333a22717479223b643a343b733a353a227072696365223b643a37303030303b733a343a226e616d65223b733a31303a2253747261776265727279223b733a353a22726f776964223b733a33323a226334636134323338613062393233383230646363353039613666373538343962223b733a383a22737562746f74616c223b643a3238303030303b7d7d),
('b0isoemcl3u58u634au1jg8mguuktnoi', '::1', 1620237524, 0x5f5f63695f6c6173745f726567656e65726174657c693a313632303233373532343b7265646972656374696f6e7c4e3b5f5f4143544956455f53455353494f4e5f444154417c733a3235363a2232323666363539613136363738316134386138623663656665613830626535613265323434656633333635616139383332363462393064393330666532613938623236663163326133343835313463353862616230393663333639626261323465323862383365383932623530366661343639636234663735386233643761614e2b2f6c622b466b5833364e5357565a47735a2b52776e3041426a353542524b4c2f782f714a64384a4a7a4b37666278445974454e6e4c4c78765734645a715a6b5752637a57786c4a4d71592b726d76456851395848304c4863616344465966434a696e2b4f514b6f4f6c742f3854736e35366367474674504b4a50426f4c2f223b636172745f636f6e74656e74737c613a333a7b733a31303a22636172745f746f74616c223b643a3238303030303b733a31313a22746f74616c5f6974656d73223b643a343b733a33323a226334636134323338613062393233383230646363353039613666373538343962223b613a363a7b733a323a226964223b733a313a2231223b733a333a22717479223b643a343b733a353a227072696365223b643a37303030303b733a343a226e616d65223b733a31303a2253747261776265727279223b733a353a22726f776964223b733a33323a226334636134323338613062393233383230646363353039613666373538343962223b733a383a22737562746f74616c223b643a3238303030303b7d7d),
('bgu3ckomjienv2hubtn2nqdjnm7afa41', '::1', 1620237831, 0x5f5f63695f6c6173745f726567656e65726174657c693a313632303233373833313b7265646972656374696f6e7c4e3b5f5f4143544956455f53455353494f4e5f444154417c733a3235363a2232323666363539613136363738316134386138623663656665613830626535613265323434656633333635616139383332363462393064393330666532613938623236663163326133343835313463353862616230393663333639626261323465323862383365383932623530366661343639636234663735386233643761614e2b2f6c622b466b5833364e5357565a47735a2b52776e3041426a353542524b4c2f782f714a64384a4a7a4b37666278445974454e6e4c4c78765734645a715a6b5752637a57786c4a4d71592b726d76456851395848304c4863616344465966434a696e2b4f514b6f4f6c742f3854736e35366367474674504b4a50426f4c2f223b636172745f636f6e74656e74737c613a333a7b733a31303a22636172745f746f74616c223b643a3238303030303b733a31313a22746f74616c5f6974656d73223b643a343b733a33323a226334636134323338613062393233383230646363353039613666373538343962223b613a363a7b733a323a226964223b733a313a2231223b733a333a22717479223b643a343b733a353a227072696365223b643a37303030303b733a343a226e616d65223b733a31303a2253747261776265727279223b733a353a22726f776964223b733a33323a226334636134323338613062393233383230646363353039613666373538343962223b733a383a22737562746f74616c223b643a3238303030303b7d7d),
('m975ua32p5a8jp59tkrp8d05b3evq8ok', '::1', 1620238015, 0x5f5f63695f6c6173745f726567656e65726174657c693a313632303233373833313b7265646972656374696f6e7c4e3b5f5f4143544956455f53455353494f4e5f444154417c733a3235363a2232323666363539613136363738316134386138623663656665613830626535613265323434656633333635616139383332363462393064393330666532613938623236663163326133343835313463353862616230393663333639626261323465323862383365383932623530366661343639636234663735386233643761614e2b2f6c622b466b5833364e5357565a47735a2b52776e3041426a353542524b4c2f782f714a64384a4a7a4b37666278445974454e6e4c4c78765734645a715a6b5752637a57786c4a4d71592b726d76456851395848304c4863616344465966434a696e2b4f514b6f4f6c742f3854736e35366367474674504b4a50426f4c2f223b636172745f636f6e74656e74737c613a333a7b733a31303a22636172745f746f74616c223b643a3238303030303b733a31313a22746f74616c5f6974656d73223b643a343b733a33323a226334636134323338613062393233383230646363353039613666373538343962223b613a363a7b733a323a226964223b733a313a2231223b733a333a22717479223b643a343b733a353a227072696365223b643a37303030303b733a343a226e616d65223b733a31303a2253747261776265727279223b733a353a22726f776964223b733a33323a226334636134323338613062393233383230646363353039613666373538343962223b733a383a22737562746f74616c223b643a3238303030303b7d7d),
('997pc7utvm14hv2nbh9sgivspt1jid0n', '::1', 1620264270, 0x5f5f63695f6c6173745f726567656e65726174657c693a313632303236343237303b636172745f636f6e74656e74737c613a343a7b733a31303a22636172745f746f74616c223b643a3430303030303b733a31313a22746f74616c5f6974656d73223b643a373b733a33323a223435633438636365326532643766626465613161666335316337633661643236223b613a363a7b733a323a226964223b733a313a2239223b733a333a22717479223b643a333b733a353a227072696365223b643a34303030303b733a343a226e616d65223b733a343a224170656c223b733a353a22726f776964223b733a33323a223435633438636365326532643766626465613161666335316337633661643236223b733a383a22737562746f74616c223b643a3132303030303b7d733a33323a226334636134323338613062393233383230646363353039613666373538343962223b613a363a7b733a323a226964223b733a313a2231223b733a333a22717479223b643a343b733a353a227072696365223b643a37303030303b733a343a226e616d65223b733a31303a2253747261776265727279223b733a353a22726f776964223b733a33323a226334636134323338613062393233383230646363353039613666373538343962223b733a383a22737562746f74616c223b643a3238303030303b7d7d),
('379m0kqr4oju349k8gsuau02dmm3ua24', '::1', 1620265298, 0x5f5f63695f6c6173745f726567656e65726174657c693a313632303236353239383b636172745f636f6e74656e74737c613a343a7b733a31303a22636172745f746f74616c223b643a3430303030303b733a31313a22746f74616c5f6974656d73223b643a373b733a33323a223435633438636365326532643766626465613161666335316337633661643236223b613a363a7b733a323a226964223b733a313a2239223b733a333a22717479223b643a333b733a353a227072696365223b643a34303030303b733a343a226e616d65223b733a343a224170656c223b733a353a22726f776964223b733a33323a223435633438636365326532643766626465613161666335316337633661643236223b733a383a22737562746f74616c223b643a3132303030303b7d733a33323a226334636134323338613062393233383230646363353039613666373538343962223b613a363a7b733a323a226964223b733a313a2231223b733a333a22717479223b643a343b733a353a227072696365223b643a37303030303b733a343a226e616d65223b733a31303a2253747261776265727279223b733a353a22726f776964223b733a33323a226334636134323338613062393233383230646363353039613666373538343962223b733a383a22737562746f74616c223b643a3238303030303b7d7d),
('ss30beok6ucff0b9q2ev815bgh5di3ff', '::1', 1620265603, 0x5f5f63695f6c6173745f726567656e65726174657c693a313632303236353630333b636172745f636f6e74656e74737c613a343a7b733a31303a22636172745f746f74616c223b643a3338303030303b733a31313a22746f74616c5f6974656d73223b643a373b733a33323a223435633438636365326532643766626465613161666335316337633661643236223b613a363a7b733a323a226964223b733a313a2239223b733a333a22717479223b643a333b733a353a227072696365223b643a34303030303b733a343a226e616d65223b733a343a224170656c223b733a353a22726f776964223b733a33323a223435633438636365326532643766626465613161666335316337633661643236223b733a383a22737562746f74616c223b643a3132303030303b7d733a33323a226334636134323338613062393233383230646363353039613666373538343962223b613a363a7b733a323a226964223b733a313a2231223b733a333a22717479223b643a343b733a353a227072696365223b643a36353030303b733a343a226e616d65223b733a31303a2253747261776265727279223b733a353a22726f776964223b733a33323a226334636134323338613062393233383230646363353039613666373538343962223b733a383a22737562746f74616c223b643a3236303030303b7d7d),
('60o3nbgv0mi0rbsu8ocmrsmadt3s42b3', '::1', 1620266068, 0x5f5f63695f6c6173745f726567656e65726174657c693a313632303236363036383b636172745f636f6e74656e74737c613a343a7b733a31303a22636172745f746f74616c223b643a3338303030303b733a31313a22746f74616c5f6974656d73223b643a373b733a33323a223435633438636365326532643766626465613161666335316337633661643236223b613a363a7b733a323a226964223b733a313a2239223b733a333a22717479223b643a333b733a353a227072696365223b643a34303030303b733a343a226e616d65223b733a343a224170656c223b733a353a22726f776964223b733a33323a223435633438636365326532643766626465613161666335316337633661643236223b733a383a22737562746f74616c223b643a3132303030303b7d733a33323a226334636134323338613062393233383230646363353039613666373538343962223b613a363a7b733a323a226964223b733a313a2231223b733a333a22717479223b643a343b733a353a227072696365223b643a36353030303b733a343a226e616d65223b733a31303a2253747261776265727279223b733a353a22726f776964223b733a33323a226334636134323338613062393233383230646363353039613666373538343962223b733a383a22737562746f74616c223b643a3236303030303b7d7d),
('s0hb458s22mf134m5ke0iaa6ctdt61b0', '::1', 1620266470, 0x5f5f63695f6c6173745f726567656e65726174657c693a313632303236363437303b636172745f636f6e74656e74737c613a343a7b733a31303a22636172745f746f74616c223b643a3338303030303b733a31313a22746f74616c5f6974656d73223b643a373b733a33323a223435633438636365326532643766626465613161666335316337633661643236223b613a363a7b733a323a226964223b733a313a2239223b733a333a22717479223b643a333b733a353a227072696365223b643a34303030303b733a343a226e616d65223b733a343a224170656c223b733a353a22726f776964223b733a33323a223435633438636365326532643766626465613161666335316337633661643236223b733a383a22737562746f74616c223b643a3132303030303b7d733a33323a226334636134323338613062393233383230646363353039613666373538343962223b613a363a7b733a323a226964223b733a313a2231223b733a333a22717479223b643a343b733a353a227072696365223b643a36353030303b733a343a226e616d65223b733a31303a2253747261776265727279223b733a353a22726f776964223b733a33323a226334636134323338613062393233383230646363353039613666373538343962223b733a383a22737562746f74616c223b643a3236303030303b7d7d),
('k6af35pk09s2tpck7id6fq1kmi1u79u1', '::1', 1620266822, 0x5f5f63695f6c6173745f726567656e65726174657c693a313632303236363832323b636172745f636f6e74656e74737c613a343a7b733a31303a22636172745f746f74616c223b643a3338303030303b733a31313a22746f74616c5f6974656d73223b643a373b733a33323a223435633438636365326532643766626465613161666335316337633661643236223b613a363a7b733a323a226964223b733a313a2239223b733a333a22717479223b643a333b733a353a227072696365223b643a34303030303b733a343a226e616d65223b733a343a224170656c223b733a353a22726f776964223b733a33323a223435633438636365326532643766626465613161666335316337633661643236223b733a383a22737562746f74616c223b643a3132303030303b7d733a33323a226334636134323338613062393233383230646363353039613666373538343962223b613a363a7b733a323a226964223b733a313a2231223b733a333a22717479223b643a343b733a353a227072696365223b643a36353030303b733a343a226e616d65223b733a31303a2253747261776265727279223b733a353a22726f776964223b733a33323a226334636134323338613062393233383230646363353039613666373538343962223b733a383a22737562746f74616c223b643a3236303030303b7d7d),
('h67qt5tpktq02l8s139r4k7t3ubinf41', '::1', 1620267252, 0x5f5f63695f6c6173745f726567656e65726174657c693a313632303236373235323b636172745f636f6e74656e74737c613a343a7b733a31303a22636172745f746f74616c223b643a3338303030303b733a31313a22746f74616c5f6974656d73223b643a373b733a33323a223435633438636365326532643766626465613161666335316337633661643236223b613a363a7b733a323a226964223b733a313a2239223b733a333a22717479223b643a333b733a353a227072696365223b643a34303030303b733a343a226e616d65223b733a343a224170656c223b733a353a22726f776964223b733a33323a223435633438636365326532643766626465613161666335316337633661643236223b733a383a22737562746f74616c223b643a3132303030303b7d733a33323a226334636134323338613062393233383230646363353039613666373538343962223b613a363a7b733a323a226964223b733a313a2231223b733a333a22717479223b643a343b733a353a227072696365223b643a36353030303b733a343a226e616d65223b733a31303a2253747261776265727279223b733a353a22726f776964223b733a33323a226334636134323338613062393233383230646363353039613666373538343962223b733a383a22737562746f74616c223b643a3236303030303b7d7d),
('fknhjk7snt41amgp7r75jgcqqpp2429p', '::1', 1620267619, 0x5f5f63695f6c6173745f726567656e65726174657c693a313632303236373631393b636172745f636f6e74656e74737c613a343a7b733a31303a22636172745f746f74616c223b643a3338303030303b733a31313a22746f74616c5f6974656d73223b643a373b733a33323a223435633438636365326532643766626465613161666335316337633661643236223b613a363a7b733a323a226964223b733a313a2239223b733a333a22717479223b643a333b733a353a227072696365223b643a34303030303b733a343a226e616d65223b733a343a224170656c223b733a353a22726f776964223b733a33323a223435633438636365326532643766626465613161666335316337633661643236223b733a383a22737562746f74616c223b643a3132303030303b7d733a33323a226334636134323338613062393233383230646363353039613666373538343962223b613a363a7b733a323a226964223b733a313a2231223b733a333a22717479223b643a343b733a353a227072696365223b643a36353030303b733a343a226e616d65223b733a31303a2253747261776265727279223b733a353a22726f776964223b733a33323a226334636134323338613062393233383230646363353039613666373538343962223b733a383a22737562746f74616c223b643a3236303030303b7d7d),
('fh2mikjgti5abha780ghmneau8f34he1', '::1', 1620267932, 0x5f5f63695f6c6173745f726567656e65726174657c693a313632303236373933323b636172745f636f6e74656e74737c613a343a7b733a31303a22636172745f746f74616c223b643a3338303030303b733a31313a22746f74616c5f6974656d73223b643a373b733a33323a223435633438636365326532643766626465613161666335316337633661643236223b613a363a7b733a323a226964223b733a313a2239223b733a333a22717479223b643a333b733a353a227072696365223b643a34303030303b733a343a226e616d65223b733a343a224170656c223b733a353a22726f776964223b733a33323a223435633438636365326532643766626465613161666335316337633661643236223b733a383a22737562746f74616c223b643a3132303030303b7d733a33323a226334636134323338613062393233383230646363353039613666373538343962223b613a363a7b733a323a226964223b733a313a2231223b733a333a22717479223b643a343b733a353a227072696365223b643a36353030303b733a343a226e616d65223b733a31303a2253747261776265727279223b733a353a22726f776964223b733a33323a226334636134323338613062393233383230646363353039613666373538343962223b733a383a22737562746f74616c223b643a3236303030303b7d7d),
('p4o5uqsm19r0cgctsksiffs9cn4g919p', '::1', 1620268251, 0x5f5f63695f6c6173745f726567656e65726174657c693a313632303236383235313b636172745f636f6e74656e74737c613a343a7b733a31303a22636172745f746f74616c223b643a3338303030303b733a31313a22746f74616c5f6974656d73223b643a373b733a33323a223435633438636365326532643766626465613161666335316337633661643236223b613a363a7b733a323a226964223b733a313a2239223b733a333a22717479223b643a333b733a353a227072696365223b643a34303030303b733a343a226e616d65223b733a343a224170656c223b733a353a22726f776964223b733a33323a223435633438636365326532643766626465613161666335316337633661643236223b733a383a22737562746f74616c223b643a3132303030303b7d733a33323a226334636134323338613062393233383230646363353039613666373538343962223b613a363a7b733a323a226964223b733a313a2231223b733a333a22717479223b643a343b733a353a227072696365223b643a36353030303b733a343a226e616d65223b733a31303a2253747261776265727279223b733a353a22726f776964223b733a33323a226334636134323338613062393233383230646363353039613666373538343962223b733a383a22737562746f74616c223b643a3236303030303b7d7d),
('bknolvl4lpr3vubc7544rsohfv68f6kv', '::1', 1620268603, 0x5f5f63695f6c6173745f726567656e65726174657c693a313632303236383630333b636172745f636f6e74656e74737c613a343a7b733a31303a22636172745f746f74616c223b643a3338303030303b733a31313a22746f74616c5f6974656d73223b643a373b733a33323a223435633438636365326532643766626465613161666335316337633661643236223b613a363a7b733a323a226964223b733a313a2239223b733a333a22717479223b643a333b733a353a227072696365223b643a34303030303b733a343a226e616d65223b733a343a224170656c223b733a353a22726f776964223b733a33323a223435633438636365326532643766626465613161666335316337633661643236223b733a383a22737562746f74616c223b643a3132303030303b7d733a33323a226334636134323338613062393233383230646363353039613666373538343962223b613a363a7b733a323a226964223b733a313a2231223b733a333a22717479223b643a343b733a353a227072696365223b643a36353030303b733a343a226e616d65223b733a31303a2253747261776265727279223b733a353a22726f776964223b733a33323a226334636134323338613062393233383230646363353039613666373538343962223b733a383a22737562746f74616c223b643a3236303030303b7d7d),
('amf12ni7scm9i5gfts61tc6pps0oul3i', '::1', 1620269077, 0x5f5f63695f6c6173745f726567656e65726174657c693a313632303236393037373b636172745f636f6e74656e74737c613a343a7b733a31303a22636172745f746f74616c223b643a3338303030303b733a31313a22746f74616c5f6974656d73223b643a373b733a33323a223435633438636365326532643766626465613161666335316337633661643236223b613a363a7b733a323a226964223b733a313a2239223b733a333a22717479223b643a333b733a353a227072696365223b643a34303030303b733a343a226e616d65223b733a343a224170656c223b733a353a22726f776964223b733a33323a223435633438636365326532643766626465613161666335316337633661643236223b733a383a22737562746f74616c223b643a3132303030303b7d733a33323a226334636134323338613062393233383230646363353039613666373538343962223b613a363a7b733a323a226964223b733a313a2231223b733a333a22717479223b643a343b733a353a227072696365223b643a36353030303b733a343a226e616d65223b733a31303a2253747261776265727279223b733a353a22726f776964223b733a33323a226334636134323338613062393233383230646363353039613666373538343962223b733a383a22737562746f74616c223b643a3236303030303b7d7d),
('mt8adgqhvj6i1eu0b8oes6euujiqd89d', '::1', 1620269444, 0x5f5f63695f6c6173745f726567656e65726174657c693a313632303236393434343b7265646972656374696f6e7c4e3b),
('cjkfi365uk5mlkg64gbql0lumkioc1gd', '::1', 1620269832, 0x5f5f63695f6c6173745f726567656e65726174657c693a313632303236393833323b7265646972656374696f6e7c4e3b),
('8u59k368qd1getnvo3ohdhgjllapf446', '::1', 1620270233, 0x5f5f63695f6c6173745f726567656e65726174657c693a313632303237303233333b7265646972656374696f6e7c4e3b636172745f636f6e74656e74737c613a333a7b733a31303a22636172745f746f74616c223b643a34303030303b733a31313a22746f74616c5f6974656d73223b643a313b733a33323a223435633438636365326532643766626465613161666335316337633661643236223b613a373a7b733a323a226964223b733a313a2239223b733a333a22717479223b643a313b733a353a227072696365223b643a34303030303b733a31323a22706963747572655f6e616d65223b733a31343a2270726f647563742d31302e6a7067223b733a343a226e616d65223b733a343a224170656c223b733a353a22726f776964223b733a33323a223435633438636365326532643766626465613161666335316337633661643236223b733a383a22737562746f74616c223b643a34303030303b7d7d),
('6f09h8hgo1buq14s93eiluopj872hcib', '::1', 1620270575, 0x5f5f63695f6c6173745f726567656e65726174657c693a313632303237303537353b7265646972656374696f6e7c4e3b636172745f636f6e74656e74737c613a333a7b733a31303a22636172745f746f74616c223b643a34303030303b733a31313a22746f74616c5f6974656d73223b643a313b733a33323a223435633438636365326532643766626465613161666335316337633661643236223b613a373a7b733a323a226964223b733a313a2239223b733a333a22717479223b643a313b733a353a227072696365223b643a34303030303b733a31323a22706963747572655f6e616d65223b733a31343a2270726f647563742d31302e6a7067223b733a343a226e616d65223b733a343a224170656c223b733a353a22726f776964223b733a33323a223435633438636365326532643766626465613161666335316337633661643236223b733a383a22737562746f74616c223b643a34303030303b7d7d),
('vvc4ksitfbblqlhu1qfi6h0574lu8q26', '::1', 1620270812, 0x5f5f63695f6c6173745f726567656e65726174657c693a313632303237303537353b7265646972656374696f6e7c4e3b636172745f636f6e74656e74737c613a333a7b733a31303a22636172745f746f74616c223b643a34303030303b733a31313a22746f74616c5f6974656d73223b643a313b733a33323a223435633438636365326532643766626465613161666335316337633661643236223b613a373a7b733a323a226964223b733a313a2239223b733a333a22717479223b643a313b733a353a227072696365223b643a34303030303b733a31323a22706963747572655f6e616d65223b733a31343a2270726f647563742d31302e6a7067223b733a343a226e616d65223b733a343a224170656c223b733a353a22726f776964223b733a33323a223435633438636365326532643766626465613161666335316337633661643236223b733a383a22737562746f74616c223b643a34303030303b7d7d),
('kvftj24d7r3voge1fmuercuu9snrdjki', '127.0.0.1', 1620309769, 0x5f5f63695f6c6173745f726567656e65726174657c693a313632303330393736393b636172745f636f6e74656e74737c613a353a7b733a31303a22636172745f746f74616c223b643a3131393030303b733a31313a22746f74616c5f6974656d73223b643a333b733a33323a223435633438636365326532643766626465613161666335316337633661643236223b613a373a7b733a323a226964223b733a313a2239223b733a333a22717479223b643a313b733a353a227072696365223b643a34303030303b733a31323a22706963747572655f6e616d65223b733a31343a2270726f647563742d31302e6a7067223b733a343a226e616d65223b733a343a224170656c223b733a353a22726f776964223b733a33323a223435633438636365326532643766626465613161666335316337633661643236223b733a383a22737562746f74616c223b643a34303030303b7d733a33323a226334636134323338613062393233383230646363353039613666373538343962223b613a373a7b733a323a226964223b733a313a2231223b733a333a22717479223b643a313b733a353a227072696365223b643a37303030303b733a31323a22706963747572655f6e616d65223b733a31343a2263617465676f72792d322e6a7067223b733a343a226e616d65223b733a31303a2253747261776265727279223b733a353a22726f776964223b733a33323a226334636134323338613062393233383230646363353039613666373538343962223b733a383a22737562746f74616c223b643a37303030303b7d733a33323a226337346439376230316561653235376534346161396435626164653937626166223b613a373a7b733a323a226964223b733a323a223136223b733a333a22717479223b643a313b733a353a227072696365223b643a393030303b733a31323a22706963747572655f6e616d65223b733a34353a2237663761393634662d303539302d346361352d396636662d3566303738353866373462395f3433312e6a706567223b733a343a226e616d65223b733a31353a224a616d627520426174752031204b67223b733a353a22726f776964223b733a33323a226337346439376230316561653235376534346161396435626164653937626166223b733a383a22737562746f74616c223b643a393030303b7d7d),
('lqlkccuaf5up3km1q443q172809chl04', '::1', 1620310287, 0x5f5f63695f6c6173745f726567656e65726174657c693a313632303331303238373b636172745f636f6e74656e74737c613a353a7b733a31303a22636172745f746f74616c223b643a3131393030303b733a31313a22746f74616c5f6974656d73223b643a333b733a33323a223435633438636365326532643766626465613161666335316337633661643236223b613a373a7b733a323a226964223b733a313a2239223b733a333a22717479223b643a313b733a353a227072696365223b643a34303030303b733a31323a22706963747572655f6e616d65223b733a31343a2270726f647563742d31302e6a7067223b733a343a226e616d65223b733a343a224170656c223b733a353a22726f776964223b733a33323a223435633438636365326532643766626465613161666335316337633661643236223b733a383a22737562746f74616c223b643a34303030303b7d733a33323a226334636134323338613062393233383230646363353039613666373538343962223b613a373a7b733a323a226964223b733a313a2231223b733a333a22717479223b643a313b733a353a227072696365223b643a37303030303b733a31323a22706963747572655f6e616d65223b733a31343a2263617465676f72792d322e6a7067223b733a343a226e616d65223b733a31303a2253747261776265727279223b733a353a22726f776964223b733a33323a226334636134323338613062393233383230646363353039613666373538343962223b733a383a22737562746f74616c223b643a37303030303b7d733a33323a226337346439376230316561653235376534346161396435626164653937626166223b613a373a7b733a323a226964223b733a323a223136223b733a333a22717479223b643a313b733a353a227072696365223b643a393030303b733a31323a22706963747572655f6e616d65223b733a34353a2237663761393634662d303539302d346361352d396636662d3566303738353866373462395f3433312e6a706567223b733a343a226e616d65223b733a31353a224a616d627520426174752031204b67223b733a353a22726f776964223b733a33323a226337346439376230316561653235376534346161396435626164653937626166223b733a383a22737562746f74616c223b643a393030303b7d7d),
('6da7jbmkg1ifrktop6t2pinic2vki6pi', '::1', 1620310602, 0x5f5f63695f6c6173745f726567656e65726174657c693a313632303331303630323b636172745f636f6e74656e74737c613a353a7b733a31303a22636172745f746f74616c223b643a3131393030303b733a31313a22746f74616c5f6974656d73223b643a333b733a33323a223435633438636365326532643766626465613161666335316337633661643236223b613a373a7b733a323a226964223b733a313a2239223b733a333a22717479223b643a313b733a353a227072696365223b643a34303030303b733a31323a22706963747572655f6e616d65223b733a31343a2270726f647563742d31302e6a7067223b733a343a226e616d65223b733a343a224170656c223b733a353a22726f776964223b733a33323a223435633438636365326532643766626465613161666335316337633661643236223b733a383a22737562746f74616c223b643a34303030303b7d733a33323a226334636134323338613062393233383230646363353039613666373538343962223b613a373a7b733a323a226964223b733a313a2231223b733a333a22717479223b643a313b733a353a227072696365223b643a37303030303b733a31323a22706963747572655f6e616d65223b733a31343a2263617465676f72792d322e6a7067223b733a343a226e616d65223b733a31303a2253747261776265727279223b733a353a22726f776964223b733a33323a226334636134323338613062393233383230646363353039613666373538343962223b733a383a22737562746f74616c223b643a37303030303b7d733a33323a226337346439376230316561653235376534346161396435626164653937626166223b613a373a7b733a323a226964223b733a323a223136223b733a333a22717479223b643a313b733a353a227072696365223b643a393030303b733a31323a22706963747572655f6e616d65223b733a34353a2237663761393634662d303539302d346361352d396636662d3566303738353866373462395f3433312e6a706567223b733a343a226e616d65223b733a31353a224a616d627520426174752031204b67223b733a353a22726f776964223b733a33323a226337346439376230316561653235376534346161396435626164653937626166223b733a383a22737562746f74616c223b643a393030303b7d7d),
('49t0qj9i6i5vajttr77o6u2ijjkhiukj', '::1', 1620310947, 0x5f5f63695f6c6173745f726567656e65726174657c693a313632303331303934373b636172745f636f6e74656e74737c613a353a7b733a31303a22636172745f746f74616c223b643a3131393030303b733a31313a22746f74616c5f6974656d73223b643a333b733a33323a223435633438636365326532643766626465613161666335316337633661643236223b613a373a7b733a323a226964223b733a313a2239223b733a333a22717479223b643a313b733a353a227072696365223b643a34303030303b733a31323a22706963747572655f6e616d65223b733a31343a2270726f647563742d31302e6a7067223b733a343a226e616d65223b733a343a224170656c223b733a353a22726f776964223b733a33323a223435633438636365326532643766626465613161666335316337633661643236223b733a383a22737562746f74616c223b643a34303030303b7d733a33323a226334636134323338613062393233383230646363353039613666373538343962223b613a373a7b733a323a226964223b733a313a2231223b733a333a22717479223b643a313b733a353a227072696365223b643a37303030303b733a31323a22706963747572655f6e616d65223b733a31343a2263617465676f72792d322e6a7067223b733a343a226e616d65223b733a31303a2253747261776265727279223b733a353a22726f776964223b733a33323a226334636134323338613062393233383230646363353039613666373538343962223b733a383a22737562746f74616c223b643a37303030303b7d733a33323a226337346439376230316561653235376534346161396435626164653937626166223b613a373a7b733a323a226964223b733a323a223136223b733a333a22717479223b643a313b733a353a227072696365223b643a393030303b733a31323a22706963747572655f6e616d65223b733a34353a2237663761393634662d303539302d346361352d396636662d3566303738353866373462395f3433312e6a706567223b733a343a226e616d65223b733a31353a224a616d627520426174752031204b67223b733a353a22726f776964223b733a33323a226337346439376230316561653235376534346161396435626164653937626166223b733a383a22737562746f74616c223b643a393030303b7d7d),
('cud7p622ij2rd701mddg3ntomsrgfnm0', '::1', 1620311303, 0x5f5f63695f6c6173745f726567656e65726174657c693a313632303331313330333b636172745f636f6e74656e74737c613a353a7b733a31303a22636172745f746f74616c223b643a3131393030303b733a31313a22746f74616c5f6974656d73223b643a333b733a33323a223435633438636365326532643766626465613161666335316337633661643236223b613a373a7b733a323a226964223b733a313a2239223b733a333a22717479223b643a313b733a353a227072696365223b643a34303030303b733a31323a22706963747572655f6e616d65223b733a31343a2270726f647563742d31302e6a7067223b733a343a226e616d65223b733a343a224170656c223b733a353a22726f776964223b733a33323a223435633438636365326532643766626465613161666335316337633661643236223b733a383a22737562746f74616c223b643a34303030303b7d733a33323a226334636134323338613062393233383230646363353039613666373538343962223b613a373a7b733a323a226964223b733a313a2231223b733a333a22717479223b643a313b733a353a227072696365223b643a37303030303b733a31323a22706963747572655f6e616d65223b733a31343a2263617465676f72792d322e6a7067223b733a343a226e616d65223b733a31303a2253747261776265727279223b733a353a22726f776964223b733a33323a226334636134323338613062393233383230646363353039613666373538343962223b733a383a22737562746f74616c223b643a37303030303b7d733a33323a226337346439376230316561653235376534346161396435626164653937626166223b613a373a7b733a323a226964223b733a323a223136223b733a333a22717479223b643a313b733a353a227072696365223b643a393030303b733a31323a22706963747572655f6e616d65223b733a34353a2237663761393634662d303539302d346361352d396636662d3566303738353866373462395f3433312e6a706567223b733a343a226e616d65223b733a31353a224a616d627520426174752031204b67223b733a353a22726f776964223b733a33323a226337346439376230316561653235376534346161396435626164653937626166223b733a383a22737562746f74616c223b643a393030303b7d7d),
('jtaig9nuha3pgd8ki50t5qmmvffj6pe1', '::1', 1620311674, 0x5f5f63695f6c6173745f726567656e65726174657c693a313632303331313637343b636172745f636f6e74656e74737c613a353a7b733a31303a22636172745f746f74616c223b643a3131393030303b733a31313a22746f74616c5f6974656d73223b643a333b733a33323a223435633438636365326532643766626465613161666335316337633661643236223b613a373a7b733a323a226964223b733a313a2239223b733a333a22717479223b643a313b733a353a227072696365223b643a34303030303b733a31323a22706963747572655f6e616d65223b733a31343a2270726f647563742d31302e6a7067223b733a343a226e616d65223b733a343a224170656c223b733a353a22726f776964223b733a33323a223435633438636365326532643766626465613161666335316337633661643236223b733a383a22737562746f74616c223b643a34303030303b7d733a33323a226334636134323338613062393233383230646363353039613666373538343962223b613a373a7b733a323a226964223b733a313a2231223b733a333a22717479223b643a313b733a353a227072696365223b643a37303030303b733a31323a22706963747572655f6e616d65223b733a31343a2263617465676f72792d322e6a7067223b733a343a226e616d65223b733a31303a2253747261776265727279223b733a353a22726f776964223b733a33323a226334636134323338613062393233383230646363353039613666373538343962223b733a383a22737562746f74616c223b643a37303030303b7d733a33323a226337346439376230316561653235376534346161396435626164653937626166223b613a373a7b733a323a226964223b733a323a223136223b733a333a22717479223b643a313b733a353a227072696365223b643a393030303b733a31323a22706963747572655f6e616d65223b733a34353a2237663761393634662d303539302d346361352d396636662d3566303738353866373462395f3433312e6a706567223b733a343a226e616d65223b733a31353a224a616d627520426174752031204b67223b733a353a22726f776964223b733a33323a226337346439376230316561653235376534346161396435626164653937626166223b733a383a22737562746f74616c223b643a393030303b7d7d),
('5ehc5abv2ilt774lunl1995cruepde93', '::1', 1620311994, 0x5f5f63695f6c6173745f726567656e65726174657c693a313632303331313939343b636172745f636f6e74656e74737c613a353a7b733a31303a22636172745f746f74616c223b643a3131393030303b733a31313a22746f74616c5f6974656d73223b643a333b733a33323a223435633438636365326532643766626465613161666335316337633661643236223b613a373a7b733a323a226964223b733a313a2239223b733a333a22717479223b643a313b733a353a227072696365223b643a34303030303b733a31323a22706963747572655f6e616d65223b733a31343a2270726f647563742d31302e6a7067223b733a343a226e616d65223b733a343a224170656c223b733a353a22726f776964223b733a33323a223435633438636365326532643766626465613161666335316337633661643236223b733a383a22737562746f74616c223b643a34303030303b7d733a33323a226334636134323338613062393233383230646363353039613666373538343962223b613a373a7b733a323a226964223b733a313a2231223b733a333a22717479223b643a313b733a353a227072696365223b643a37303030303b733a31323a22706963747572655f6e616d65223b733a31343a2263617465676f72792d322e6a7067223b733a343a226e616d65223b733a31303a2253747261776265727279223b733a353a22726f776964223b733a33323a226334636134323338613062393233383230646363353039613666373538343962223b733a383a22737562746f74616c223b643a37303030303b7d733a33323a226337346439376230316561653235376534346161396435626164653937626166223b613a373a7b733a323a226964223b733a323a223136223b733a333a22717479223b643a313b733a353a227072696365223b643a393030303b733a31323a22706963747572655f6e616d65223b733a34353a2237663761393634662d303539302d346361352d396636662d3566303738353866373462395f3433312e6a706567223b733a343a226e616d65223b733a31353a224a616d627520426174752031204b67223b733a353a22726f776964223b733a33323a226337346439376230316561653235376534346161396435626164653937626166223b733a383a22737562746f74616c223b643a393030303b7d7d),
('ruei8tr6vlvl968tma1g5funmbloqhgn', '::1', 1620312310, 0x5f5f63695f6c6173745f726567656e65726174657c693a313632303331323331303b636172745f636f6e74656e74737c613a353a7b733a31303a22636172745f746f74616c223b643a3131393030303b733a31313a22746f74616c5f6974656d73223b643a333b733a33323a223435633438636365326532643766626465613161666335316337633661643236223b613a373a7b733a323a226964223b733a313a2239223b733a333a22717479223b643a313b733a353a227072696365223b643a34303030303b733a31323a22706963747572655f6e616d65223b733a31343a2270726f647563742d31302e6a7067223b733a343a226e616d65223b733a343a224170656c223b733a353a22726f776964223b733a33323a223435633438636365326532643766626465613161666335316337633661643236223b733a383a22737562746f74616c223b643a34303030303b7d733a33323a226334636134323338613062393233383230646363353039613666373538343962223b613a373a7b733a323a226964223b733a313a2231223b733a333a22717479223b643a313b733a353a227072696365223b643a37303030303b733a31323a22706963747572655f6e616d65223b733a31343a2263617465676f72792d322e6a7067223b733a343a226e616d65223b733a31303a2253747261776265727279223b733a353a22726f776964223b733a33323a226334636134323338613062393233383230646363353039613666373538343962223b733a383a22737562746f74616c223b643a37303030303b7d733a33323a226337346439376230316561653235376534346161396435626164653937626166223b613a373a7b733a323a226964223b733a323a223136223b733a333a22717479223b643a313b733a353a227072696365223b643a393030303b733a31323a22706963747572655f6e616d65223b733a34353a2237663761393634662d303539302d346361352d396636662d3566303738353866373462395f3433312e6a706567223b733a343a226e616d65223b733a31353a224a616d627520426174752031204b67223b733a353a22726f776964223b733a33323a226337346439376230316561653235376534346161396435626164653937626166223b733a383a22737562746f74616c223b643a393030303b7d7d);
INSERT INTO `ci_sessions` (`id`, `ip_address`, `timestamp`, `data`) VALUES
('9oo5uparu0shllotiq93nmrecn5fbbnd', '::1', 1620312772, 0x5f5f63695f6c6173745f726567656e65726174657c693a313632303331323737323b636172745f636f6e74656e74737c613a363a7b733a31303a22636172745f746f74616c223b643a3133313030303b733a31313a22746f74616c5f6974656d73223b643a343b733a33323a223435633438636365326532643766626465613161666335316337633661643236223b613a373a7b733a323a226964223b733a313a2239223b733a333a22717479223b643a313b733a353a227072696365223b643a34303030303b733a31323a22706963747572655f6e616d65223b733a31343a2270726f647563742d31302e6a7067223b733a343a226e616d65223b733a343a224170656c223b733a353a22726f776964223b733a33323a223435633438636365326532643766626465613161666335316337633661643236223b733a383a22737562746f74616c223b643a34303030303b7d733a33323a226334636134323338613062393233383230646363353039613666373538343962223b613a373a7b733a323a226964223b733a313a2231223b733a333a22717479223b643a313b733a353a227072696365223b643a37303030303b733a31323a22706963747572655f6e616d65223b733a31343a2263617465676f72792d322e6a7067223b733a343a226e616d65223b733a31303a2253747261776265727279223b733a353a22726f776964223b733a33323a226334636134323338613062393233383230646363353039613666373538343962223b733a383a22737562746f74616c223b643a37303030303b7d733a33323a226337346439376230316561653235376534346161396435626164653937626166223b613a373a7b733a323a226964223b733a323a223136223b733a333a22717479223b643a313b733a353a227072696365223b643a393030303b733a31323a22706963747572655f6e616d65223b733a34353a2237663761393634662d303539302d346361352d396636662d3566303738353866373462395f3433312e6a706567223b733a343a226e616d65223b733a31353a224a616d627520426174752031204b67223b733a353a22726f776964223b733a33323a226337346439376230316561653235376534346161396435626164653937626166223b733a383a22737562746f74616c223b643a393030303b7d733a33323a226433643934343638303261343432353937353564333865366431363365383230223b613a373a7b733a323a226964223b733a323a223130223b733a333a22717479223b643a313b733a353a227072696365223b643a31323030303b733a31323a22706963747572655f6e616d65223b733a31333a2270726f647563742d392e6a7067223b733a343a226e616d65223b733a31323a22426177616e67204d65726168223b733a353a22726f776964223b733a33323a226433643934343638303261343432353937353564333865366431363365383230223b733a383a22737562746f74616c223b643a31323030303b7d7d),
('sulhgo9328t2vb1j34bb8btfmtcspccg', '::1', 1620313227, 0x5f5f63695f6c6173745f726567656e65726174657c693a313632303331333232373b636172745f636f6e74656e74737c613a363a7b733a31303a22636172745f746f74616c223b643a3333333030303b733a31313a22746f74616c5f6974656d73223b643a383b733a33323a223435633438636365326532643766626465613161666335316337633661643236223b613a373a7b733a323a226964223b733a313a2239223b733a333a22717479223b643a313b733a353a227072696365223b643a34303030303b733a31323a22706963747572655f6e616d65223b733a31343a2270726f647563742d31302e6a7067223b733a343a226e616d65223b733a343a224170656c223b733a353a22726f776964223b733a33323a223435633438636365326532643766626465613161666335316337633661643236223b733a383a22737562746f74616c223b643a34303030303b7d733a33323a226334636134323338613062393233383230646363353039613666373538343962223b613a373a7b733a323a226964223b733a313a2231223b733a333a22717479223b643a343b733a353a227072696365223b643a36353030303b733a31323a22706963747572655f6e616d65223b733a31343a2263617465676f72792d322e6a7067223b733a343a226e616d65223b733a31303a2253747261776265727279223b733a353a22726f776964223b733a33323a226334636134323338613062393233383230646363353039613666373538343962223b733a383a22737562746f74616c223b643a3236303030303b7d733a33323a226337346439376230316561653235376534346161396435626164653937626166223b613a373a7b733a323a226964223b733a323a223136223b733a333a22717479223b643a313b733a353a227072696365223b643a393030303b733a31323a22706963747572655f6e616d65223b733a34353a2237663761393634662d303539302d346361352d396636662d3566303738353866373462395f3433312e6a706567223b733a343a226e616d65223b733a31353a224a616d627520426174752031204b67223b733a353a22726f776964223b733a33323a226337346439376230316561653235376534346161396435626164653937626166223b733a383a22737562746f74616c223b643a393030303b7d733a33323a226433643934343638303261343432353937353564333865366431363365383230223b613a373a7b733a323a226964223b733a323a223130223b733a333a22717479223b643a323b733a353a227072696365223b643a31323030303b733a31323a22706963747572655f6e616d65223b733a31333a2270726f647563742d392e6a7067223b733a343a226e616d65223b733a31323a22426177616e67204d65726168223b733a353a22726f776964223b733a33323a226433643934343638303261343432353937353564333865366431363365383230223b733a383a22737562746f74616c223b643a32343030303b7d7d),
('08kgfkkljpsnfr2l3nfrt44dfo741oq8', '::1', 1620313660, 0x5f5f63695f6c6173745f726567656e65726174657c693a313632303331333636303b636172745f636f6e74656e74737c613a363a7b733a31303a22636172745f746f74616c223b643a3334323030303b733a31313a22746f74616c5f6974656d73223b643a393b733a33323a223435633438636365326532643766626465613161666335316337633661643236223b613a373a7b733a323a226964223b733a313a2239223b733a333a22717479223b643a313b733a353a227072696365223b643a34303030303b733a31323a22706963747572655f6e616d65223b733a31343a2270726f647563742d31302e6a7067223b733a343a226e616d65223b733a343a224170656c223b733a353a22726f776964223b733a33323a223435633438636365326532643766626465613161666335316337633661643236223b733a383a22737562746f74616c223b643a34303030303b7d733a33323a226334636134323338613062393233383230646363353039613666373538343962223b613a373a7b733a323a226964223b733a313a2231223b733a333a22717479223b643a343b733a353a227072696365223b643a36353030303b733a31323a22706963747572655f6e616d65223b733a31343a2263617465676f72792d322e6a7067223b733a343a226e616d65223b733a31303a2253747261776265727279223b733a353a22726f776964223b733a33323a226334636134323338613062393233383230646363353039613666373538343962223b733a383a22737562746f74616c223b643a3236303030303b7d733a33323a226337346439376230316561653235376534346161396435626164653937626166223b613a373a7b733a323a226964223b733a323a223136223b733a333a22717479223b643a323b733a353a227072696365223b643a393030303b733a31323a22706963747572655f6e616d65223b733a34353a2237663761393634662d303539302d346361352d396636662d3566303738353866373462395f3433312e6a706567223b733a343a226e616d65223b733a31353a224a616d627520426174752031204b67223b733a353a22726f776964223b733a33323a226337346439376230316561653235376534346161396435626164653937626166223b733a383a22737562746f74616c223b643a31383030303b7d733a33323a226433643934343638303261343432353937353564333865366431363365383230223b613a373a7b733a323a226964223b733a323a223130223b733a333a22717479223b643a323b733a353a227072696365223b643a31323030303b733a31323a22706963747572655f6e616d65223b733a31333a2270726f647563742d392e6a7067223b733a343a226e616d65223b733a31323a22426177616e67204d65726168223b733a353a22726f776964223b733a33323a226433643934343638303261343432353937353564333865366431363365383230223b733a383a22737562746f74616c223b643a32343030303b7d7d),
('ffea7tgvh8n0o59svioace03ca7tplhi', '::1', 1620313777, 0x5f5f63695f6c6173745f726567656e65726174657c693a313632303331333636303b636172745f636f6e74656e74737c613a363a7b733a31303a22636172745f746f74616c223b643a3334323030303b733a31313a22746f74616c5f6974656d73223b643a393b733a33323a223435633438636365326532643766626465613161666335316337633661643236223b613a373a7b733a323a226964223b733a313a2239223b733a333a22717479223b643a313b733a353a227072696365223b643a34303030303b733a31323a22706963747572655f6e616d65223b733a31343a2270726f647563742d31302e6a7067223b733a343a226e616d65223b733a343a224170656c223b733a353a22726f776964223b733a33323a223435633438636365326532643766626465613161666335316337633661643236223b733a383a22737562746f74616c223b643a34303030303b7d733a33323a226334636134323338613062393233383230646363353039613666373538343962223b613a373a7b733a323a226964223b733a313a2231223b733a333a22717479223b643a343b733a353a227072696365223b643a36353030303b733a31323a22706963747572655f6e616d65223b733a31343a2263617465676f72792d322e6a7067223b733a343a226e616d65223b733a31303a2253747261776265727279223b733a353a22726f776964223b733a33323a226334636134323338613062393233383230646363353039613666373538343962223b733a383a22737562746f74616c223b643a3236303030303b7d733a33323a226337346439376230316561653235376534346161396435626164653937626166223b613a373a7b733a323a226964223b733a323a223136223b733a333a22717479223b643a323b733a353a227072696365223b643a393030303b733a31323a22706963747572655f6e616d65223b733a34353a2237663761393634662d303539302d346361352d396636662d3566303738353866373462395f3433312e6a706567223b733a343a226e616d65223b733a31353a224a616d627520426174752031204b67223b733a353a22726f776964223b733a33323a226337346439376230316561653235376534346161396435626164653937626166223b733a383a22737562746f74616c223b643a31383030303b7d733a33323a226433643934343638303261343432353937353564333865366431363365383230223b613a373a7b733a323a226964223b733a323a223130223b733a333a22717479223b643a323b733a353a227072696365223b643a31323030303b733a31323a22706963747572655f6e616d65223b733a31333a2270726f647563742d392e6a7067223b733a343a226e616d65223b733a31323a22426177616e67204d65726168223b733a353a22726f776964223b733a33323a226433643934343638303261343432353937353564333865366431363365383230223b733a383a22737562746f74616c223b643a32343030303b7d7d7265646972656374696f6e7c4e3b5f5f4143544956455f53455353494f4e5f444154417c733a3235363a2231323465626138633534636565393563323761346565656366666331323939373537393561363732316131643861613838376436346636333438653963353561303234366166343665366238306337346439643536646537353537663230633031386139306239356534643065643538333435613661313261613131313235664c697042614966447a5a554934614c7663556565795641793470314d50387a666b4232665164783249326947574d443339417478314176736d4b57616c386f2f325367677a3730533174484e4b782b384442314b4e344434496c4735357a7939354c746b747243774b7550524434326a3950654264566652524b6b7a77554a37223b),
('tuv4co6uvsujoo8iv0hcqu1e4navvr0n', '::1', 1620344704, 0x5f5f63695f6c6173745f726567656e65726174657c693a313632303334343730343b7265646972656374696f6e7c4e3b5f5f4143544956455f53455353494f4e5f444154417c733a3235363a22346437613362633238613838646235316537646237346264663339343632333461653937366535636233343765386239363965333330383664623364623731353434363032356561306335356163323531633566633162616534303637333835323634343239373763316364373439623261643565376536356132313634383668324c59455142583472524f5a6b334744396e4d7272792b6d764745506c34377958616947416c4747496e4d5978485330786a695337515845654a6c73564362642b4f52714d586f4151576d6e672f6c6e2f4d514d793047774b666f576967743751546c2b342f6361786d6d447233366451695952576d54466d7177355a4166223b),
('idcujq0opcvcth6bc9ls6b3ng6qnpf27', '::1', 1620346306, 0x5f5f63695f6c6173745f726567656e65726174657c693a313632303334363330363b7265646972656374696f6e7c4e3b5f5f4143544956455f53455353494f4e5f444154417c733a3235363a22346437613362633238613838646235316537646237346264663339343632333461653937366535636233343765386239363965333330383664623364623731353434363032356561306335356163323531633566633162616534303637333835323634343239373763316364373439623261643565376536356132313634383668324c59455142583472524f5a6b334744396e4d7272792b6d764745506c34377958616947416c4747496e4d5978485330786a695337515845654a6c73564362642b4f52714d586f4151576d6e672f6c6e2f4d514d793047774b666f576967743751546c2b342f6361786d6d447233366451695952576d54466d7177355a4166223b),
('q0gr1np669di7kap6alvlak3k7t9gjt9', '::1', 1620346617, 0x5f5f63695f6c6173745f726567656e65726174657c693a313632303334363631373b7265646972656374696f6e7c4e3b5f5f4143544956455f53455353494f4e5f444154417c733a3235363a22346437613362633238613838646235316537646237346264663339343632333461653937366535636233343765386239363965333330383664623364623731353434363032356561306335356163323531633566633162616534303637333835323634343239373763316364373439623261643565376536356132313634383668324c59455142583472524f5a6b334744396e4d7272792b6d764745506c34377958616947416c4747496e4d5978485330786a695337515845654a6c73564362642b4f52714d586f4151576d6e672f6c6e2f4d514d793047774b666f576967743751546c2b342f6361786d6d447233366451695952576d54466d7177355a4166223b),
('sd8a61j4a2joej2lgc1on9t8q2otrje2', '::1', 1620349688, 0x5f5f63695f6c6173745f726567656e65726174657c693a313632303334393638383b7265646972656374696f6e7c4e3b5f5f4143544956455f53455353494f4e5f444154417c733a3235363a22346437613362633238613838646235316537646237346264663339343632333461653937366535636233343765386239363965333330383664623364623731353434363032356561306335356163323531633566633162616534303637333835323634343239373763316364373439623261643565376536356132313634383668324c59455142583472524f5a6b334744396e4d7272792b6d764745506c34377958616947416c4747496e4d5978485330786a695337515845654a6c73564362642b4f52714d586f4151576d6e672f6c6e2f4d514d793047774b666f576967743751546c2b342f6361786d6d447233366451695952576d54466d7177355a4166223b),
('6vhgi9m6f408j9op8cebquma1l2e8iom', '::1', 1620350598, 0x5f5f63695f6c6173745f726567656e65726174657c693a313632303335303539383b7265646972656374696f6e7c4e3b5f5f4143544956455f53455353494f4e5f444154417c733a3235363a226665383962373764333230633061333865653935366463333536383737663638616162666566363634333663363534303863323333383034616432663933663763303532633937373262623133333665653566316538386561323137393537306362386461316433363333626232373336656137646134316165653538636632346179696d4e4f4a36565a787a776d54414c727132626b4f4a714a535a33576d4a48424942525443554c4b74372f6e474c36374b63667667775070454a4e597237717930705143687a44594149597464454f432b387661794c3365686f4a4e4d4c34653869493176727149646d6347664e4368672b4776653237376f5356794b223b5f74656d705f636f75706f6e7c4e3b5f74656d705f7175616e746974797c4e3b),
('07ltfcnq38jqh4qt6trapl0q31dhr6ij', '::1', 1620350946, 0x5f5f63695f6c6173745f726567656e65726174657c693a313632303335303934363b7265646972656374696f6e7c4e3b5f5f4143544956455f53455353494f4e5f444154417c733a3235363a226665383962373764333230633061333865653935366463333536383737663638616162666566363634333663363534303863323333383034616432663933663763303532633937373262623133333665653566316538386561323137393537306362386461316433363333626232373336656137646134316165653538636632346179696d4e4f4a36565a787a776d54414c727132626b4f4a714a535a33576d4a48424942525443554c4b74372f6e474c36374b63667667775070454a4e597237717930705143687a44594149597464454f432b387661794c3365686f4a4e4d4c34653869493176727149646d6347664e4368672b4776653237376f5356794b223b5f74656d705f636f75706f6e7c4e3b5f74656d705f7175616e746974797c4e3b),
('u0skkh5tlg4o6afnon5a3glhvs950frj', '::1', 1620351248, 0x5f5f63695f6c6173745f726567656e65726174657c693a313632303335313234383b7265646972656374696f6e7c4e3b5f5f4143544956455f53455353494f4e5f444154417c733a3235363a226665383962373764333230633061333865653935366463333536383737663638616162666566363634333663363534303863323333383034616432663933663763303532633937373262623133333665653566316538386561323137393537306362386461316433363333626232373336656137646134316165653538636632346179696d4e4f4a36565a787a776d54414c727132626b4f4a714a535a33576d4a48424942525443554c4b74372f6e474c36374b63667667775070454a4e597237717930705143687a44594149597464454f432b387661794c3365686f4a4e4d4c34653869493176727149646d6347664e4368672b4776653237376f5356794b223b5f74656d705f636f75706f6e7c4e3b5f74656d705f7175616e746974797c4e3b),
('b7ove7h07tamjam3fetic04dm43cfus7', '::1', 1620351557, 0x5f5f63695f6c6173745f726567656e65726174657c693a313632303335313535373b7265646972656374696f6e7c4e3b5f5f4143544956455f53455353494f4e5f444154417c733a3235363a226665383962373764333230633061333865653935366463333536383737663638616162666566363634333663363534303863323333383034616432663933663763303532633937373262623133333665653566316538386561323137393537306362386461316433363333626232373336656137646134316165653538636632346179696d4e4f4a36565a787a776d54414c727132626b4f4a714a535a33576d4a48424942525443554c4b74372f6e474c36374b63667667775070454a4e597237717930705143687a44594149597464454f432b387661794c3365686f4a4e4d4c34653869493176727149646d6347664e4368672b4776653237376f5356794b223b5f74656d705f636f75706f6e7c4e3b5f74656d705f7175616e746974797c4e3b),
('3q38jsgof269olg7ljo9t959v062ga58', '::1', 1620352038, 0x5f5f63695f6c6173745f726567656e65726174657c693a313632303335323033383b7265646972656374696f6e7c4e3b5f5f4143544956455f53455353494f4e5f444154417c733a3235363a226665383962373764333230633061333865653935366463333536383737663638616162666566363634333663363534303863323333383034616432663933663763303532633937373262623133333665653566316538386561323137393537306362386461316433363333626232373336656137646134316165653538636632346179696d4e4f4a36565a787a776d54414c727132626b4f4a714a535a33576d4a48424942525443554c4b74372f6e474c36374b63667667775070454a4e597237717930705143687a44594149597464454f432b387661794c3365686f4a4e4d4c34653869493176727149646d6347664e4368672b4776653237376f5356794b223b5f74656d705f636f75706f6e7c4e3b5f74656d705f7175616e746974797c4e3b),
('hakm7arivo2nl42r1tjiuooil1l1ab59', '::1', 1620352165, 0x5f5f63695f6c6173745f726567656e65726174657c693a313632303335323033383b7265646972656374696f6e7c4e3b5f5f4143544956455f53455353494f4e5f444154417c733a3235363a226665383962373764333230633061333865653935366463333536383737663638616162666566363634333663363534303863323333383034616432663933663763303532633937373262623133333665653566316538386561323137393537306362386461316433363333626232373336656137646134316165653538636632346179696d4e4f4a36565a787a776d54414c727132626b4f4a714a535a33576d4a48424942525443554c4b74372f6e474c36374b63667667775070454a4e597237717930705143687a44594149597464454f432b387661794c3365686f4a4e4d4c34653869493176727149646d6347664e4368672b4776653237376f5356794b223b5f74656d705f636f75706f6e7c4e3b5f74656d705f7175616e746974797c4e3b),
('m8mt4r0i82p6f6d0jrgdvi0untfhbt9v', '::1', 1620379551, 0x5f5f63695f6c6173745f726567656e65726174657c693a313632303337393535313b7265646972656374696f6e7c4e3b5f5f4143544956455f53455353494f4e5f444154417c733a3235363a2233656564663239323339666130666531303538636432623266626434383738373336643861363663366533313264333366386561303931353364643036613764303661333134653564313431393364396662636639356232633339353763616134633965306336616336306634343935383831323665303238303864333034624866335a7a7a75587a5a7931446545796a47723354704c334172772f6a4b5234494d63756f6f6c626a2b5462586c3370327857486e514270565972496157764277503766446c53726a4c364848654265483641736f4b32626458686d394448523563422b774f71584d303870414d3832746f6b6e524e477651692f666e737337223b),
('2ne8aq1idim2mc15o79q0iifj58upctu', '::1', 1620379852, 0x5f5f63695f6c6173745f726567656e65726174657c693a313632303337393835323b7265646972656374696f6e7c4e3b5f5f4143544956455f53455353494f4e5f444154417c733a3235363a2233656564663239323339666130666531303538636432623266626434383738373336643861363663366533313264333366386561303931353364643036613764303661333134653564313431393364396662636639356232633339353763616134633965306336616336306634343935383831323665303238303864333034624866335a7a7a75587a5a7931446545796a47723354704c334172772f6a4b5234494d63756f6f6c626a2b5462586c3370327857486e514270565972496157764277503766446c53726a4c364848654265483641736f4b32626458686d394448523563422b774f71584d303870414d3832746f6b6e524e477651692f666e737337223b),
('dqcrq3r6m0u5l7efa7984a4q9j57rsh8', '::1', 1620380178, 0x5f5f63695f6c6173745f726567656e65726174657c693a313632303338303137383b7265646972656374696f6e7c4e3b5f5f4143544956455f53455353494f4e5f444154417c733a3235363a2233656564663239323339666130666531303538636432623266626434383738373336643861363663366533313264333366386561303931353364643036613764303661333134653564313431393364396662636639356232633339353763616134633965306336616336306634343935383831323665303238303864333034624866335a7a7a75587a5a7931446545796a47723354704c334172772f6a4b5234494d63756f6f6c626a2b5462586c3370327857486e514270565972496157764277503766446c53726a4c364848654265483641736f4b32626458686d394448523563422b774f71584d303870414d3832746f6b6e524e477651692f666e737337223b),
('bj2cn64mrvojjob3u35liopvb51nv8fp', '::1', 1620380747, 0x5f5f63695f6c6173745f726567656e65726174657c693a313632303338303734373b7265646972656374696f6e7c4e3b5f5f4143544956455f53455353494f4e5f444154417c733a3235363a2233656564663239323339666130666531303538636432623266626434383738373336643861363663366533313264333366386561303931353364643036613764303661333134653564313431393364396662636639356232633339353763616134633965306336616336306634343935383831323665303238303864333034624866335a7a7a75587a5a7931446545796a47723354704c334172772f6a4b5234494d63756f6f6c626a2b5462586c3370327857486e514270565972496157764277503766446c53726a4c364848654265483641736f4b32626458686d394448523563422b774f71584d303870414d3832746f6b6e524e477651692f666e737337223b),
('ispgslcr9lcfn578qeudsspmq3e9o1vv', '::1', 1620381048, 0x5f5f63695f6c6173745f726567656e65726174657c693a313632303338313034383b7265646972656374696f6e7c4e3b5f5f4143544956455f53455353494f4e5f444154417c733a3235363a22666162303564313365616362373037656164303337376661373132666465616538363733363532316531653434383863356335393038616631666330383037356138353431646635363830303239323332313366356333306537643235346334333031373261343066613539353231356534303637333139373832363635653938442f6d5836374257654551564655686a69516e484b57384a415134337766735071544f78674652496a4c656e493667613745347750546c676b6438796e3573436a2b506d6f56662f6b775248416a456c34706a45557a514d4c457561504d5762667a3577706b74336f34344252766b7636556265697a71713432674f685a31223b73746f72655f666c6173687c733a32363a2250656e646166746172616e20616b756e20626572686173696c21223b5f5f63695f766172737c613a313a7b733a31313a2273746f72655f666c617368223b733a333a226f6c64223b7d),
('1tlj9un9ao7qvc1enkdelliel1pk194j', '::1', 1620381366, 0x5f5f63695f6c6173745f726567656e65726174657c693a313632303338313336363b7265646972656374696f6e7c4e3b5f5f4143544956455f53455353494f4e5f444154417c733a3235363a22656662326137616230353862383364373761613232633665343432373234326431313464613764333261646438386433333364333331343231316233363831353338356466373131663830356631336135343764613034306165383837386163343464663932656561336430313330376232363030623035613339653034373443525438534d4149343048592b6f6449706f4e4d56656c55634c4f6c62696c434d384d7430767443716968666d566c7a684f35436c5779447062696f50656753744a714c4b3531726a317a723575507659473348643057316a555a413864306d4a63464a69675572714578477851506e4a683446693543337962556172423073223b),
('gpclg3iqr3h5vuam2ngm52c8s4m4do26', '::1', 1620381729, 0x5f5f63695f6c6173745f726567656e65726174657c693a313632303338313732393b7265646972656374696f6e7c4e3b5f5f4143544956455f53455353494f4e5f444154417c733a3235363a22656662326137616230353862383364373761613232633665343432373234326431313464613764333261646438386433333364333331343231316233363831353338356466373131663830356631336135343764613034306165383837386163343464663932656561336430313330376232363030623035613339653034373443525438534d4149343048592b6f6449706f4e4d56656c55634c4f6c62696c434d384d7430767443716968666d566c7a684f35436c5779447062696f50656753744a714c4b3531726a317a723575507659473348643057316a555a413864306d4a63464a69675572714578477851506e4a683446693543337962556172423073223b),
('3tfj02mcito1defsjskhi71nefev7hqp', '::1', 1620381963, 0x5f5f63695f6c6173745f726567656e65726174657c693a313632303338313732393b7265646972656374696f6e7c4e3b5f5f4143544956455f53455353494f4e5f444154417c733a3235363a22656662326137616230353862383364373761613232633665343432373234326431313464613764333261646438386433333364333331343231316233363831353338356466373131663830356631336135343764613034306165383837386163343464663932656561336430313330376232363030623035613339653034373443525438534d4149343048592b6f6449706f4e4d56656c55634c4f6c62696c434d384d7430767443716968666d566c7a684f35436c5779447062696f50656753744a714c4b3531726a317a723575507659473348643057316a555a413864306d4a63464a69675572714578477851506e4a683446693543337962556172423073223b),
('m7fguqetqh6sbrgimabj1k2khq9ac11a', '::1', 1620397283, 0x5f5f63695f6c6173745f726567656e65726174657c693a313632303339373238333b7265646972656374696f6e7c4e3b5f5f4143544956455f53455353494f4e5f444154417c733a3235363a2235323236333030613761663035663035313161366538393830313939386266393033333633356239613931616364343035633334623764303533343832633035303031656165626336383830303662663962393332303038336566366163366239383738663737306465613232666438613662343462393339333434343666315a57434a76696b4a62625477454a483468755561704f4f422f6c6d314f646d65574366516f6152373439724441723347336e31566f6c44373644713146725a417641374853354f3339566a50307a614f7165466d6c63367262364d65714f35617531634a574744567263326c484b58736b336174615165774e597446322f6859223b),
('c6a9apgpt6i6s3mtp14o0uedvm9uob3s', '::1', 1620398155, 0x5f5f63695f6c6173745f726567656e65726174657c693a313632303339383135353b7265646972656374696f6e7c4e3b5f5f4143544956455f53455353494f4e5f444154417c733a3235363a2235323236333030613761663035663035313161366538393830313939386266393033333633356239613931616364343035633334623764303533343832633035303031656165626336383830303662663962393332303038336566366163366239383738663737306465613232666438613662343462393339333434343666315a57434a76696b4a62625477454a483468755561704f4f422f6c6d314f646d65574366516f6152373439724441723347336e31566f6c44373644713146725a417641374853354f3339566a50307a614f7165466d6c63367262364d65714f35617531634a574744567263326c484b58736b336174615165774e597446322f6859223b),
('t1vhloe3rl3odraspjmb5o29q74dp6jo', '::1', 1620398483, 0x5f5f63695f6c6173745f726567656e65726174657c693a313632303339383438333b7265646972656374696f6e7c4e3b5f5f4143544956455f53455353494f4e5f444154417c733a3235363a2235323236333030613761663035663035313161366538393830313939386266393033333633356239613931616364343035633334623764303533343832633035303031656165626336383830303662663962393332303038336566366163366239383738663737306465613232666438613662343462393339333434343666315a57434a76696b4a62625477454a483468755561704f4f422f6c6d314f646d65574366516f6152373439724441723347336e31566f6c44373644713146725a417641374853354f3339566a50307a614f7165466d6c63367262364d65714f35617531634a574744567263326c484b58736b336174615165774e597446322f6859223b),
('17u0mcdepl39nnba5ccpb6nlf4gri0gk', '::1', 1620398825, 0x5f5f63695f6c6173745f726567656e65726174657c693a313632303339383832353b7265646972656374696f6e7c4e3b5f5f4143544956455f53455353494f4e5f444154417c733a3235363a2235323236333030613761663035663035313161366538393830313939386266393033333633356239613931616364343035633334623764303533343832633035303031656165626336383830303662663962393332303038336566366163366239383738663737306465613232666438613662343462393339333434343666315a57434a76696b4a62625477454a483468755561704f4f422f6c6d314f646d65574366516f6152373439724441723347336e31566f6c44373644713146725a417641374853354f3339566a50307a614f7165466d6c63367262364d65714f35617531634a574744567263326c484b58736b336174615165774e597446322f6859223b),
('m4bc1tsluojlqq2foj2vc3gdl2nptk74', '::1', 1620399127, 0x5f5f63695f6c6173745f726567656e65726174657c693a313632303339393132373b7265646972656374696f6e7c4e3b5f5f4143544956455f53455353494f4e5f444154417c733a3235363a2235323236333030613761663035663035313161366538393830313939386266393033333633356239613931616364343035633334623764303533343832633035303031656165626336383830303662663962393332303038336566366163366239383738663737306465613232666438613662343462393339333434343666315a57434a76696b4a62625477454a483468755561704f4f422f6c6d314f646d65574366516f6152373439724441723347336e31566f6c44373644713146725a417641374853354f3339566a50307a614f7165466d6c63367262364d65714f35617531634a574744567263326c484b58736b336174615165774e597446322f6859223b),
('ihbvt559j203jfvbgcgdmlqpqeugnncr', '::1', 1620399891, 0x5f5f63695f6c6173745f726567656e65726174657c693a313632303339393839313b7265646972656374696f6e7c4e3b5f5f4143544956455f53455353494f4e5f444154417c733a3235363a2235323236333030613761663035663035313161366538393830313939386266393033333633356239613931616364343035633334623764303533343832633035303031656165626336383830303662663962393332303038336566366163366239383738663737306465613232666438613662343462393339333434343666315a57434a76696b4a62625477454a483468755561704f4f422f6c6d314f646d65574366516f6152373439724441723347336e31566f6c44373644713146725a417641374853354f3339566a50307a614f7165466d6c63367262364d65714f35617531634a574744567263326c484b58736b336174615165774e597446322f6859223b),
('r7av3v2fcqnv7dqv86anvoeph03lrsht', '::1', 1620399918, 0x5f5f63695f6c6173745f726567656e65726174657c693a313632303339393839313b7265646972656374696f6e7c4e3b5f5f4143544956455f53455353494f4e5f444154417c733a3235363a2235323236333030613761663035663035313161366538393830313939386266393033333633356239613931616364343035633334623764303533343832633035303031656165626336383830303662663962393332303038336566366163366239383738663737306465613232666438613662343462393339333434343666315a57434a76696b4a62625477454a483468755561704f4f422f6c6d314f646d65574366516f6152373439724441723347336e31566f6c44373644713146725a417641374853354f3339566a50307a614f7165466d6c63367262364d65714f35617531634a574744567263326c484b58736b336174615165774e597446322f6859223b),
('mja0ua3etq8u744id1u60i2ljcb04pos', '::1', 1620444300, 0x5f5f63695f6c6173745f726567656e65726174657c693a313632303434343232353b7265646972656374696f6e7c4e3b5f5f4143544956455f53455353494f4e5f444154417c733a3235363a22356563333465376639323765303430343262666139336534316263663237666634643561623439396339326666636262313835303532333935363763373666613930633134383435656138613936313164636331636436306233316464356333323935326433653165653061313836306632356333613730646636383066663331374c4b4851367633574c5058595538305259455277657a494e69443467446f6361754d7338504c45307861466673504239763031744d75504766742f70544e41796565776b72526b30412b375864376467366931726354713837427634514e7845494951625667494d73324b55504b6c5a31392f52716a6367676d7a657338223b);

-- --------------------------------------------------------

--
-- Table structure for table `contacts`
--

CREATE TABLE `contacts` (
  `id` int(10) NOT NULL,
  `parent_id` int(10) DEFAULT NULL,
  `name` varchar(32) NOT NULL,
  `subject` varchar(128) DEFAULT NULL,
  `email` varchar(64) NOT NULL,
  `message` mediumtext NOT NULL,
  `contact_date` datetime DEFAULT NULL,
  `status` tinyint(1) DEFAULT 1,
  `reply_at` datetime DEFAULT NULL
) ENGINE=InnoDB DEFAULT CHARSET=utf8mb4;

--
-- Dumping data for table `contacts`
--

INSERT INTO `contacts` (`id`, `parent_id`, `name`, `subject`, `email`, `message`, `contact_date`, `status`, `reply_at`) VALUES
(1, NULL, 'Agung Tri Saputra', 'Pengiriman kok lama?', 'martinms.za@gmail.com', 'pengiriman pesanan saya kok lama ya', '2020-03-29 07:40:13', 2, NULL);

-- --------------------------------------------------------

--
-- Table structure for table `coupons`
--

CREATE TABLE `coupons` (
  `id` bigint(20) NOT NULL,
  `name` varchar(191) NOT NULL,
  `code` varchar(32) NOT NULL,
  `credit` decimal(8,2) NOT NULL,
  `start_date` date NOT NULL,
  `expired_date` date NOT NULL,
  `is_active` tinyint(4) DEFAULT 1
) ENGINE=InnoDB DEFAULT CHARSET=utf8mb4;

--
-- Dumping data for table `coupons`
--

INSERT INTO `coupons` (`id`, `name`, `code`, `credit`, `start_date`, `expired_date`, `is_active`) VALUES
(1, '#DiRumahAja', 'DIRUMAHAJA19', '5000.00', '2020-03-27', '2020-04-03', 1),
(2, 'Buah Merah Meriah', 'BUAHMERAH', '5000.00', '2020-03-27', '2020-03-30', 0);

-- --------------------------------------------------------

--
-- Table structure for table `customers`
--

CREATE TABLE `customers` (
  `id` bigint(20) NOT NULL,
  `user_id` bigint(20) UNSIGNED DEFAULT NULL,
  `name` varchar(191) NOT NULL,
  `phone_number` varchar(32) DEFAULT NULL,
  `address` varchar(191) NOT NULL,
  `profile_picture` varchar(191) DEFAULT NULL,
  `diskon` decimal(8,2) DEFAULT NULL,
  `nilai_refral` decimal(8,2) DEFAULT NULL,
  `kode_refral` char(255) DEFAULT NULL,
  `jumlah_refral` int(11) DEFAULT NULL,
  `keuntungan` decimal(8,2) DEFAULT NULL
) ENGINE=InnoDB DEFAULT CHARSET=utf8mb4;

--
-- Dumping data for table `customers`
--

INSERT INTO `customers` (`id`, `user_id`, `name`, `phone_number`, `address`, `profile_picture`, `diskon`, `nilai_refral`, `kode_refral`, `jumlah_refral`, `keuntungan`) VALUES
(6, 7, 'Agung Tri Saputra', '081328907767', 'Kost Indah Jaya Belakang No. 19, Jl. Medan Baru VI, Kandang Limun, Bengkulu', 'agung.png', NULL, NULL, NULL, NULL, NULL),
(11, 12, 'FIQRI JAMAL', '083129227273', 'Gerung Utara', 'default.png', '10.00', '20.00', '#221343434', NULL, NULL);

-- --------------------------------------------------------

--
-- Table structure for table `gambar`
--

CREATE TABLE `gambar` (
  `id` int(11) NOT NULL,
  `foto` varchar(255) NOT NULL
) ENGINE=InnoDB DEFAULT CHARSET=utf8mb4;

--
-- Dumping data for table `gambar`
--

INSERT INTO `gambar` (`id`, `foto`) VALUES
(1, 'bg_11.jpg'),
(2, 'bg_21.jpg');

-- --------------------------------------------------------

--
-- Table structure for table `harga_grosir`
--

CREATE TABLE `harga_grosir` (
  `id` bigint(20) NOT NULL,
  `product_id` bigint(20) NOT NULL,
  `jumlah_minimal` int(11) DEFAULT NULL,
  `harga_satuan` decimal(8,2) NOT NULL,
  `harga_coret` decimal(8,2) NOT NULL
) ENGINE=InnoDB DEFAULT CHARSET=utf8mb4;

--
-- Dumping data for table `harga_grosir`
--

INSERT INTO `harga_grosir` (`id`, `product_id`, `jumlah_minimal`, `harga_satuan`, `harga_coret`) VALUES
(1, 16, 1, '9000.00', '0.00'),
(4, 16, 4, '8500.00', '0.00'),
(5, 1, 1, '70000.00', '0.00'),
(6, 1, 4, '65000.00', '0.00');

-- --------------------------------------------------------

--
-- Table structure for table `orders`
--

CREATE TABLE `orders` (
  `id` bigint(20) NOT NULL,
  `user_id` bigint(20) UNSIGNED DEFAULT NULL,
  `coupon_id` bigint(20) DEFAULT NULL,
  `order_number` varchar(16) NOT NULL,
  `order_status` enum('1','2','3','4','5') DEFAULT '1',
  `order_date` datetime NOT NULL,
  `total_price` decimal(8,2) DEFAULT NULL,
  `total_items` int(10) DEFAULT NULL,
  `payment_method` int(11) DEFAULT 1,
  `delivery_data` text DEFAULT NULL,
  `delivered_date` datetime DEFAULT NULL,
  `finish_date` datetime DEFAULT NULL
) ENGINE=InnoDB DEFAULT CHARSET=utf8mb4;

--
-- Dumping data for table `orders`
--

INSERT INTO `orders` (`id`, `user_id`, `coupon_id`, `order_number`, `order_status`, `order_date`, `total_price`, `total_items`, `payment_method`, `delivery_data`, `delivered_date`, `finish_date`) VALUES
(5, 7, NULL, 'TJL2932027019', '2', '2020-03-29 08:14:50', '271000.00', 2, 1, '{\"customer\":{\"name\":\"Agung Tri Saputra\",\"phone_number\":\"081328907767\",\"address\":\"Kost Indah Jaya Belakang No. 19, Jl. Medan Baru VI, Kandang Limun, Bengkulu\"},\"note\":\"\"}', NULL, NULL),
(6, 7, NULL, 'JQZ2932017914', '1', '2020-03-29 08:15:13', '350000.00', 1, 2, '{\"customer\":{\"name\":\"Agung Tri Saputra\",\"phone_number\":\"081328907767\",\"address\":\"Kost Indah Jaya Belakang No. 19, Jl. Medan Baru VI, Kandang Limun, Bengkulu\"},\"note\":\"\"}', NULL, NULL),
(7, 7, NULL, 'TIB3032037078', '2', '2020-03-30 08:49:42', '78000.00', 3, 1, '{\"customer\":{\"name\":\"Agung Tri Saputra\",\"phone_number\":\"081328907767\",\"address\":\"Kost Indah Jaya Belakang No. 19, Jl. Medan Baru VI, Kandang Limun, Bengkulu\"},\"note\":\"\"}', NULL, NULL),
(8, 7, NULL, 'GPS3032027749', '2', '2020-03-30 09:14:27', '165000.00', 2, 1, '{\"customer\":{\"name\":\"Agung Tri Saputra\",\"phone_number\":\"081328907767\",\"address\":\"Kost Indah Jaya Belakang No. 19, Jl. Medan Baru VI, Kandang Limun, Bengkulu\"},\"note\":\"\"}', NULL, NULL),
(9, 7, NULL, 'RDQ1442127642', '1', '2021-04-14 05:20:59', '73000.00', 3, 2, '{\"customer\":{\"name\":\"Agung Tri Saputra\",\"phone_number\":\"081328907767\",\"address\":\"Kost Indah Jaya Belakang No. 19, Jl. Medan Baru VI, Kandang Limun, Bengkulu\"},\"note\":\"\"}', NULL, NULL),
(13, NULL, NULL, 'GIC45214723', '1', '2021-05-04 04:05:33', '232000.00', 4, 2, '{\"customer\":{\"name\":\"FIQRI JAMAL\",\"phone_number\":\"083129227273\",\"address\":\"Gerung Utara\"},\"note\":\"nyoba bos\"}', NULL, NULL),
(14, NULL, NULL, 'OFT45214138', '1', '2021-05-04 05:16:44', '129000.00', 4, 1, '{\"customer\":{\"name\":\"FIQRI JAMAL\",\"phone_number\":\"083129227273\",\"address\":\"Gerung Utara\"},\"note\":\"satu dua tiga\"}', NULL, NULL),
(15, NULL, NULL, 'VMC45211912', '1', '2021-05-04 05:18:26', '40000.00', 1, 1, '{\"customer\":{\"name\":\"FIQRI JAMAL\",\"phone_number\":\"083129227273\",\"address\":\"Gerung Utara\"},\"note\":\"gggg\"}', NULL, NULL),
(16, NULL, NULL, 'CKF55214495', '1', '2021-05-05 02:54:32', '76000.00', 4, 2, '{\"customer\":{\"name\":\"FIQRI JAMAL\",\"phone_number\":\"083129227273\",\"address\":\"Gerung Utara\"},\"note\":\"bla bla\"}', NULL, NULL),
(17, 1, NULL, 'UOU752121083', '1', '2021-05-07 03:09:18', '49000.00', 2, 2, '{\"customer\":{\"name\":\"FIQRI JAMAL\",\"phone_number\":\"083129227273\",\"address\":\"Gerung Utara\"},\"note\":\"ssssss\"}', NULL, NULL);

-- --------------------------------------------------------

--
-- Table structure for table `order_item`
--

CREATE TABLE `order_item` (
  `id` bigint(20) NOT NULL,
  `order_id` bigint(20) DEFAULT NULL,
  `product_id` bigint(20) DEFAULT NULL,
  `order_qty` int(10) NOT NULL,
  `order_price` decimal(8,2) DEFAULT NULL
) ENGINE=InnoDB DEFAULT CHARSET=utf8mb4;

--
-- Dumping data for table `order_item`
--

INSERT INTO `order_item` (`id`, `order_id`, `product_id`, `order_qty`, `order_price`) VALUES
(3, 4, 2, 1, '31000.00'),
(4, 4, 8, 13, '20000.00'),
(5, 5, 2, 3, '31000.00'),
(6, 5, 13, 12, '20000.00'),
(7, 6, 9, 10, '35000.00'),
(8, 7, 10, 1, '12000.00'),
(9, 7, 9, 1, '35000.00'),
(10, 7, 2, 1, '31000.00'),
(11, 8, 9, 1, '35000.00'),
(12, 8, 1, 2, '65000.00'),
(13, 9, 4, 3, '10000.00'),
(14, 9, 2, 1, '31000.00'),
(22, 9, 5, 1, '12000.00'),
(27, 13, 9, 3, '40000.00'),
(28, 13, 18, 3, '10000.00'),
(29, 13, 10, 1, '12000.00'),
(30, 13, 1, 1, '70000.00'),
(31, 14, 16, 1, '9000.00'),
(32, 14, 9, 1, '40000.00'),
(33, 14, 1, 1, '70000.00'),
(34, 14, 18, 1, '10000.00'),
(35, 15, 9, 1, '40000.00'),
(36, 16, 9, 1, '40000.00'),
(37, 16, 16, 1, '9000.00'),
(38, 16, 10, 1, '12000.00'),
(39, 16, 12, 1, '15000.00'),
(41, 17, 16, 1, '9000.00'),
(42, 17, 9, 1, '40000.00');

-- --------------------------------------------------------

--
-- Table structure for table `payments`
--

CREATE TABLE `payments` (
  `id` bigint(20) NOT NULL,
  `order_id` bigint(20) DEFAULT NULL,
  `payment_price` decimal(8,2) DEFAULT NULL,
  `payment_date` datetime NOT NULL,
  `picture_name` varchar(191) DEFAULT NULL,
  `payment_status` enum('1','2','3') DEFAULT '1',
  `confirmed_date` datetime DEFAULT NULL,
  `payment_data` text DEFAULT NULL
) ENGINE=InnoDB DEFAULT CHARSET=utf8mb4;

--
-- Dumping data for table `payments`
--

INSERT INTO `payments` (`id`, `order_id`, `payment_price`, `payment_date`, `picture_name`, `payment_status`, `confirmed_date`, `payment_data`) VALUES
(4, 5, '271000.00', '2020-03-29 08:20:39', 'category-1.jpg', '1', NULL, '{\"transfer_to\":\"bri\",\"source\":{\"bank\":\"Bank BRI\",\"name\":\"Agung Tri Saputra\",\"number\":\"12-345-678-9\"}}'),
(5, 7, '78000.00', '2020-03-30 08:51:08', 'html5.jpg', '2', NULL, '{\"transfer_to\":\"btn\",\"source\":{\"bank\":\"BANK BCA\",\"name\":\"MMS\",\"number\":\"123-456\"}}');

-- --------------------------------------------------------

--
-- Table structure for table `products`
--

CREATE TABLE `products` (
  `id` bigint(20) NOT NULL,
  `category_id` int(10) DEFAULT NULL,
  `sku` varchar(32) DEFAULT NULL,
  `name` varchar(191) NOT NULL,
  `penjual` varchar(255) DEFAULT NULL,
  `no_hp` varchar(20) DEFAULT NULL,
  `lokasi` varchar(255) DEFAULT NULL,
  `description` varchar(191) DEFAULT NULL,
  `picture_name` varchar(191) DEFAULT NULL,
  `price` decimal(8,2) NOT NULL,
  `current_discount` decimal(8,2) DEFAULT 0.00,
  `stock` int(10) NOT NULL,
  `product_unit` varchar(32) DEFAULT NULL,
  `is_available` tinyint(1) DEFAULT 1,
  `add_date` datetime DEFAULT NULL
) ENGINE=InnoDB DEFAULT CHARSET=utf8mb4;

--
-- Dumping data for table `products`
--

INSERT INTO `products` (`id`, `category_id`, `sku`, `name`, `penjual`, `no_hp`, `lokasi`, `description`, `picture_name`, `price`, `current_discount`, `stock`, `product_unit`, `is_available`, `add_date`) VALUES
(1, 2, 'SB750372', 'Strawberry', 'Sasuke', '08973637485', 'Pasar Uciha', '', 'category-2.jpg', '70000.00', '5000.00', 50, 'Kg', 1, '2020-03-26 15:02:52'),
(2, 1, 'BS350420', 'Brokoli', NULL, NULL, NULL, NULL, 'product-6.jpg', '33000.00', '2000.00', 10, 'Kg', 1, '2020-03-26 15:03:40'),
(4, 1, 'TS120790', 'Tomat', NULL, NULL, NULL, NULL, 'product-5.jpg', '10000.00', '0.00', 20, 'Kg', 1, '2020-03-26 19:36:30'),
(5, 1, 'WS120811', 'Wortel', NULL, NULL, NULL, NULL, 'product-7.jpg', '12000.00', '0.00', 20, 'Kg', 1, '2020-03-26 19:36:51'),
(8, 1, 'PS220885', 'Paprika', NULL, NULL, NULL, NULL, 'product-12.jpg', '20000.00', '0.00', 20, 'Kg', 1, '2020-03-26 19:38:05'),
(9, 2, 'AB450163', 'Apel', NULL, NULL, NULL, NULL, 'product-10.jpg', '40000.00', '0.00', 50, 'Kg', 1, '2020-03-26 19:42:43'),
(10, 1, 'BMS120283', 'Bawang Merah', NULL, NULL, NULL, NULL, 'product-9.jpg', '12000.00', '0.00', 20, 'Kg', 1, '2020-03-26 19:44:42'),
(11, 1, 'URS13301', 'Ubi Rambat', NULL, NULL, NULL, NULL, 'product-4.jpg', '15000.00', '0.00', 3, 'Kg', 1, '2020-03-26 19:45:01'),
(12, 1, 'BPS15347', 'Bawang Putih', NULL, NULL, NULL, NULL, 'product-111.jpg', '15000.00', '0.00', 5, 'Kg', 1, '2020-03-26 19:45:47'),
(13, 1, 'KPS223370', 'Kacang Polong', NULL, NULL, NULL, NULL, 'product-3.jpg', '20000.00', '0.00', 23, 'Kg', 1, '2020-03-26 19:46:10'),
(14, 1, 'CMS410424', 'Cabai Merah', NULL, NULL, NULL, NULL, 'product-121.jpg', '40000.00', '7000.00', 10, 'Kg', 1, '2020-03-26 19:47:04'),
(16, 2, 'JB1KB823114', 'Jambu Batu 1 Kg', 'Sakura', '087765234123', 'Pasar Konoha', 'Sebuah Pasar Otaku', '7f7a964f-0590-4ca5-9f6f-5f07858f74b9_431.jpeg', '9000.00', '0.00', 23, 'kg', 1, '2021-04-24 16:21:54'),
(18, 2, 'J5B123853', 'Jeruk 500gr', 'Anis', '67576564546', 'Pasar Uciha', '', 'buah_jeruk.jpg', '10000.00', '0.00', 23, 'kg', 1, '2021-04-29 16:00:53');

-- --------------------------------------------------------

--
-- Table structure for table `product_category`
--

CREATE TABLE `product_category` (
  `id` int(10) NOT NULL,
  `name` varchar(191) NOT NULL
) ENGINE=InnoDB DEFAULT CHARSET=utf8mb4;

--
-- Dumping data for table `product_category`
--

INSERT INTO `product_category` (`id`, `name`) VALUES
(1, 'Sayur'),
(2, 'Buah');

-- --------------------------------------------------------

--
-- Table structure for table `reviews`
--

CREATE TABLE `reviews` (
  `id` bigint(20) NOT NULL,
  `user_id` bigint(20) UNSIGNED DEFAULT NULL,
  `order_id` bigint(20) DEFAULT NULL,
  `title` varchar(191) DEFAULT NULL,
  `review_text` mediumtext NOT NULL,
  `review_date` datetime NOT NULL,
  `status` tinyint(1) NOT NULL DEFAULT 1
) ENGINE=InnoDB DEFAULT CHARSET=utf8mb4;

--
-- Dumping data for table `reviews`
--

INSERT INTO `reviews` (`id`, `user_id`, `order_id`, `title`, `review_text`, `review_date`, `status`) VALUES
(2, 7, 6, 'Sangat puas', 'Pengiriman cepat dan sayur segar', '2020-03-30 08:31:31', 1),
(3, 7, 5, 'Buah segar', 'Buah segar dan kualitasnya sangat bagus', '2020-03-30 08:33:10', 1);

-- --------------------------------------------------------

--
-- Table structure for table `roles`
--

CREATE TABLE `roles` (
  `id` int(10) NOT NULL,
  `role_name` varchar(191) NOT NULL
) ENGINE=InnoDB DEFAULT CHARSET=utf8mb4;

--
-- Dumping data for table `roles`
--

INSERT INTO `roles` (`id`, `role_name`) VALUES
(1, 'Admin'),
(2, 'Customer');

-- --------------------------------------------------------

--
-- Table structure for table `settings`
--

CREATE TABLE `settings` (
  `id` int(10) NOT NULL,
  `key` varchar(32) NOT NULL,
  `content` varchar(191) NOT NULL
) ENGINE=InnoDB DEFAULT CHARSET=utf8mb4;

--
-- Dumping data for table `settings`
--

INSERT INTO `settings` (`id`, `key`, `content`) VALUES
(1, 'current_theme_name', 'vegefoods'),
(2, 'store_name', 'Toko Sayur 22'),
(3, 'store_phone_number', '082281666584'),
(4, 'store_email', 'tokosayur22@gmail.com'),
(5, 'store_tagline', 'Belanja Sayur Segar 24 Jam'),
(6, 'store_logo', 'Logo.png'),
(7, 'max_product_image_size', '20000'),
(8, 'store_description', 'Belanja sayur dan buah dengan murah, mudah dan cepat'),
(9, 'store_address', 'Jl. Medan Baru VI, RT 12 RW 06 Kel. Kandang Limun'),
(10, 'min_shop_to_free_shipping_cost', '20000'),
(11, 'shipping_cost', '3000'),
(12, 'payment_banks', '{\"bri\":{\"bank\":\"BRI\",\"name\":\"Martin Mulyo Syahidin\",\"number\":\"9999-999-99-9\"},\"btn\":{\"bank\":\"BNI\",\"name\":\"Martin Mulyo Syahidin\",\"number\":\"4444-444-44-4\"},\"bni\":{\"bank\":\"BTN\",\"name\":\"Martin M');

-- --------------------------------------------------------

--
-- Table structure for table `users`
--

CREATE TABLE `users` (
  `id` bigint(20) UNSIGNED NOT NULL,
  `name` varchar(50) COLLATE utf8mb4_unicode_ci DEFAULT NULL,
  `email` varchar(191) COLLATE utf8mb4_unicode_ci NOT NULL,
  `email_verified_at` timestamp NULL DEFAULT NULL,
  `username` varchar(16) COLLATE utf8mb4_unicode_ci NOT NULL,
  `password` varchar(191) COLLATE utf8mb4_unicode_ci NOT NULL,
  `profile_picture` varchar(128) COLLATE utf8mb4_unicode_ci DEFAULT NULL,
  `role_id` int(10) DEFAULT 0,
  `register_date` datetime DEFAULT NULL
) ENGINE=InnoDB DEFAULT CHARSET=utf8mb4 COLLATE=utf8mb4_unicode_ci;

--
-- Dumping data for table `users`
--

INSERT INTO `users` (`id`, `name`, `email`, `email_verified_at`, `username`, `password`, `profile_picture`, `role_id`, `register_date`) VALUES
(1, 'Mulyo Jr.', 'mulyosyahidin95@gmail.com', NULL, 'mulyojr', '$2y$10$tin9aX4Uz.wlBhZYuD4Fju9q1.O07BwUKxp6yvveTeIrrsa46fqDC', 'agung1.png', 1, NULL),
(7, NULL, 'agungtri@gmail.com', NULL, 'agungtri', '$2y$10$tin9aX4Uz.wlBhZYuD4Fju9q1.O07BwUKxp6yvveTeIrrsa46fqDC', NULL, 2, '2020-03-29 08:14:30'),
(12, NULL, 'jamalfiqri@gmail.com', NULL, 'Fiqi', '$2y$10$oX1tL3xKf2hQLArlNmabaOSfJwv.63o1ZzRpujoXQhTlb2QokEpzq', 'default.png', 2, '2021-05-07 11:54:42');

--
-- Indexes for dumped tables
--

--
-- Indexes for table `ci_sessions`
--
ALTER TABLE `ci_sessions`
  ADD KEY `ci_sessions_timestamp` (`timestamp`);

--
-- Indexes for table `contacts`
--
ALTER TABLE `contacts`
  ADD PRIMARY KEY (`id`),
  ADD KEY `FK_contacts_contacts` (`parent_id`);

--
-- Indexes for table `coupons`
--
ALTER TABLE `coupons`
  ADD PRIMARY KEY (`id`);

--
-- Indexes for table `customers`
--
ALTER TABLE `customers`
  ADD PRIMARY KEY (`id`),
  ADD KEY `FK_customers_users` (`user_id`);

--
-- Indexes for table `gambar`
--
ALTER TABLE `gambar`
  ADD PRIMARY KEY (`id`);

--
-- Indexes for table `harga_grosir`
--
ALTER TABLE `harga_grosir`
  ADD PRIMARY KEY (`id`),
  ADD KEY `product_id` (`product_id`);

--
-- Indexes for table `orders`
--
ALTER TABLE `orders`
  ADD PRIMARY KEY (`id`),
  ADD KEY `FK_orders_users` (`user_id`),
  ADD KEY `FK_orders_coupons` (`coupon_id`);

--
-- Indexes for table `order_item`
--
ALTER TABLE `order_item`
  ADD PRIMARY KEY (`id`),
  ADD KEY `order_id` (`order_id`),
  ADD KEY `product_id` (`product_id`);

--
-- Indexes for table `payments`
--
ALTER TABLE `payments`
  ADD PRIMARY KEY (`id`),
  ADD KEY `order_id` (`order_id`);

--
-- Indexes for table `products`
--
ALTER TABLE `products`
  ADD PRIMARY KEY (`id`),
  ADD KEY `FK_products_product_category` (`category_id`);

--
-- Indexes for table `product_category`
--
ALTER TABLE `product_category`
  ADD PRIMARY KEY (`id`);

--
-- Indexes for table `reviews`
--
ALTER TABLE `reviews`
  ADD PRIMARY KEY (`id`),
  ADD KEY `FK_reviews_users` (`user_id`),
  ADD KEY `FK_reviews_orders` (`order_id`);

--
-- Indexes for table `roles`
--
ALTER TABLE `roles`
  ADD PRIMARY KEY (`id`);

--
-- Indexes for table `settings`
--
ALTER TABLE `settings`
  ADD PRIMARY KEY (`id`) USING BTREE;

--
-- Indexes for table `users`
--
ALTER TABLE `users`
  ADD PRIMARY KEY (`id`) USING BTREE,
  ADD UNIQUE KEY `users_email_unique` (`email`) USING BTREE,
  ADD KEY `role_id` (`role_id`);

--
-- AUTO_INCREMENT for dumped tables
--

--
-- AUTO_INCREMENT for table `contacts`
--
ALTER TABLE `contacts`
  MODIFY `id` int(10) NOT NULL AUTO_INCREMENT, AUTO_INCREMENT=3;

--
-- AUTO_INCREMENT for table `coupons`
--
ALTER TABLE `coupons`
  MODIFY `id` bigint(20) NOT NULL AUTO_INCREMENT, AUTO_INCREMENT=4;

--
-- AUTO_INCREMENT for table `customers`
--
ALTER TABLE `customers`
  MODIFY `id` bigint(20) NOT NULL AUTO_INCREMENT, AUTO_INCREMENT=12;

--
-- AUTO_INCREMENT for table `gambar`
--
ALTER TABLE `gambar`
  MODIFY `id` int(11) NOT NULL AUTO_INCREMENT, AUTO_INCREMENT=3;

--
-- AUTO_INCREMENT for table `harga_grosir`
--
ALTER TABLE `harga_grosir`
  MODIFY `id` bigint(20) NOT NULL AUTO_INCREMENT, AUTO_INCREMENT=7;

--
-- AUTO_INCREMENT for table `orders`
--
ALTER TABLE `orders`
  MODIFY `id` bigint(20) NOT NULL AUTO_INCREMENT, AUTO_INCREMENT=18;

--
-- AUTO_INCREMENT for table `order_item`
--
ALTER TABLE `order_item`
  MODIFY `id` bigint(20) NOT NULL AUTO_INCREMENT, AUTO_INCREMENT=43;

--
-- AUTO_INCREMENT for table `payments`
--
ALTER TABLE `payments`
  MODIFY `id` bigint(20) NOT NULL AUTO_INCREMENT, AUTO_INCREMENT=6;

--
-- AUTO_INCREMENT for table `products`
--
ALTER TABLE `products`
  MODIFY `id` bigint(20) NOT NULL AUTO_INCREMENT, AUTO_INCREMENT=19;

--
-- AUTO_INCREMENT for table `product_category`
--
ALTER TABLE `product_category`
  MODIFY `id` int(10) NOT NULL AUTO_INCREMENT, AUTO_INCREMENT=9;

--
-- AUTO_INCREMENT for table `reviews`
--
ALTER TABLE `reviews`
  MODIFY `id` bigint(20) NOT NULL AUTO_INCREMENT, AUTO_INCREMENT=4;

--
-- AUTO_INCREMENT for table `roles`
--
ALTER TABLE `roles`
  MODIFY `id` int(10) NOT NULL AUTO_INCREMENT, AUTO_INCREMENT=3;

--
-- AUTO_INCREMENT for table `settings`
--
ALTER TABLE `settings`
  MODIFY `id` int(10) NOT NULL AUTO_INCREMENT, AUTO_INCREMENT=13;

--
-- AUTO_INCREMENT for table `users`
--
ALTER TABLE `users`
  MODIFY `id` bigint(20) UNSIGNED NOT NULL AUTO_INCREMENT, AUTO_INCREMENT=13;

--
-- Constraints for dumped tables
--

--
-- Constraints for table `contacts`
--
ALTER TABLE `contacts`
  ADD CONSTRAINT `FK_contacts_contacts` FOREIGN KEY (`parent_id`) REFERENCES `contacts` (`id`) ON DELETE CASCADE ON UPDATE NO ACTION;

--
-- Constraints for table `customers`
--
ALTER TABLE `customers`
  ADD CONSTRAINT `FK_customers_users` FOREIGN KEY (`user_id`) REFERENCES `users` (`id`) ON DELETE NO ACTION ON UPDATE CASCADE;

--
-- Constraints for table `harga_grosir`
--
ALTER TABLE `harga_grosir`
  ADD CONSTRAINT `harga_grosir_ibfk_1` FOREIGN KEY (`product_id`) REFERENCES `products` (`id`);

--
-- Constraints for table `orders`
--
ALTER TABLE `orders`
  ADD CONSTRAINT `FK_orders_coupons` FOREIGN KEY (`coupon_id`) REFERENCES `coupons` (`id`) ON DELETE SET NULL ON UPDATE CASCADE,
  ADD CONSTRAINT `FK_orders_users` FOREIGN KEY (`user_id`) REFERENCES `users` (`id`) ON DELETE NO ACTION ON UPDATE CASCADE;

--
-- Constraints for table `payments`
--
ALTER TABLE `payments`
  ADD CONSTRAINT `FK_payments_orders` FOREIGN KEY (`order_id`) REFERENCES `orders` (`id`) ON DELETE NO ACTION ON UPDATE NO ACTION;
COMMIT;

/*!40101 SET CHARACTER_SET_CLIENT=@OLD_CHARACTER_SET_CLIENT */;
/*!40101 SET CHARACTER_SET_RESULTS=@OLD_CHARACTER_SET_RESULTS */;
/*!40101 SET COLLATION_CONNECTION=@OLD_COLLATION_CONNECTION */;
